-- Adminer 4.7.8 MySQL dump

SET NAMES utf8;
SET time_zone = '+00:00';
SET foreign_key_checks = 0;
SET sql_mode = 'NO_AUTO_VALUE_ON_ZERO';

SET NAMES utf8mb4;

DROP TABLE IF EXISTS `admins`;
CREATE TABLE `admins` (
  `id` bigint(20) unsigned NOT NULL AUTO_INCREMENT,
  `user_id` bigint(20) unsigned NOT NULL,
  `permissions` enum('all') NOT NULL,
  `created_at` timestamp NULL DEFAULT NULL,
  `updated_at` timestamp NULL DEFAULT NULL,
  PRIMARY KEY (`id`),
  KEY `admins_user_id_foreign` (`user_id`),
  CONSTRAINT `admins_user_id_foreign` FOREIGN KEY (`user_id`) REFERENCES `users` (`id`) ON DELETE CASCADE
) ENGINE=InnoDB DEFAULT CHARSET=utf8mb4 COLLATE=utf8mb4_unicode_ci;

INSERT INTO `admins` (`id`, `user_id`, `permissions`, `created_at`, `updated_at`) VALUES
(1,	1,	'all',	'2024-04-01 18:00:58',	'2024-04-01 18:00:58');

DROP TABLE IF EXISTS `articles`;
CREATE TABLE `articles` (
  `id` bigint(20) unsigned NOT NULL AUTO_INCREMENT,
  `user_id` bigint(20) unsigned NOT NULL,
  `title` varchar(255) NOT NULL,
  `created_at` timestamp NULL DEFAULT NULL,
  `updated_at` timestamp NULL DEFAULT NULL,
  PRIMARY KEY (`id`),
  KEY `articles_user_id_foreign` (`user_id`),
  CONSTRAINT `articles_user_id_foreign` FOREIGN KEY (`user_id`) REFERENCES `users` (`id`) ON DELETE CASCADE
) ENGINE=InnoDB DEFAULT CHARSET=utf8mb4 COLLATE=utf8mb4_unicode_ci;

INSERT INTO `articles` (`id`, `user_id`, `title`, `created_at`, `updated_at`) VALUES
(1,	1,	'\"Top 10 Luxury Experiences in El Gouna: Your Ultimate Guide\"',	'2024-03-30 15:00:21',	'2024-04-05 15:08:48'),
(4,	1,	'\"Exploring El Gouna: Hidden Gems and Local Favorites\"',	'2024-04-05 14:11:16',	'2024-04-05 15:23:52'),
(5,	1,	'\"Indulging in Elegance: A Luxurious Culinary Journey through El Gouna\'s Fine Dining Scene\"',	'2024-04-05 15:24:28',	'2024-04-05 15:24:28');

DROP TABLE IF EXISTS `article_details`;
CREATE TABLE `article_details` (
  `id` bigint(20) unsigned NOT NULL AUTO_INCREMENT,
  `article_id` bigint(20) unsigned NOT NULL,
  `content` text NOT NULL,
  `image` text NOT NULL,
  `created_at` timestamp NULL DEFAULT NULL,
  `updated_at` timestamp NULL DEFAULT NULL,
  PRIMARY KEY (`id`),
  KEY `article_details_article_id_foreign` (`article_id`),
  CONSTRAINT `article_details_article_id_foreign` FOREIGN KEY (`article_id`) REFERENCES `articles` (`id`) ON DELETE CASCADE
) ENGINE=InnoDB DEFAULT CHARSET=utf8mb4 COLLATE=utf8mb4_unicode_ci;

INSERT INTO `article_details` (`id`, `article_id`, `content`, `image`, `created_at`, `updated_at`) VALUES
(1,	1,	'Introduction:\r\nHighlight the allure of El Gouna as a luxury destination.\r\nTease the top 10 luxury experiences visitors can expect.\r\nLuxury Experience 1-10:\r\nPrivate Yacht Cruises: Explore the Red Sea in style aboard a luxurious yacht.\r\nExclusive Dining Destinations: Indulge in gourmet cuisine at El Gouna\'s finest restaurants.\r\nBespoke Spa Treatments: Rejuvenate your body and mind with tailored wellness experiences.\r\nVIP Golf Courses: Tee off at world-class golf courses surrounded by breathtaking scenery.\r\nSunset Desert Safaris: Embark on an unforgettable adventure through the desert at dusk.\r\nHigh-End Shopping: Shop for designer brands and unique souvenirs in El Gouna\'s boutiques.\r\nLuxury Accommodations: Experience unparalleled comfort and elegance at El Gouna\'s top hotels.\r\nPrivate Beach Clubs: Lounge in luxury on pristine beaches with exclusive amenities.\r\nHelicopter Tours: Soar above El Gouna\'s landscape for a bird\'s-eye view of paradise.\r\nVIP Events and Entertainment: Attend exclusive parties and cultural events in style.\r\nConclusion:\r\nRecap the top 10 luxury experiences in El Gouna.\r\nEncourage readers to embark on their own luxury getaway to El Gouna.',	'https://admin.iconciergeeg.com/storage/categories/2024-04-05/196509_1712330286.webp',	'2024-03-30 15:02:21',	'2024-04-05 15:18:06'),
(4,	4,	'Introduction:\r\nIntroduce El Gouna as a destination rich in hidden gems and authentic experiences.\r\nHighlight the appeal of discovering lesser-known attractions and local favorites.\r\nHidden Gem 1-5:\r\nCharming Cafes: Unwind at quaint cafes serving locally sourced coffee and pastries.\r\nArt Galleries: Explore El Gouna\'s vibrant art scene at galleries showcasing local talent.\r\nSecret Beaches: Escape the crowds and relax on secluded beaches with crystal-clear waters.\r\nCultural Hotspots: Immerse yourself in Egyptian culture at historic landmarks and museums.\r\nEco-Friendly Initiatives: Learn about El Gouna\'s sustainability efforts and eco-friendly activities.\r\nLocal Favorites 1-5:\r\nStreet Food Stalls: Sample authentic Egyptian cuisine at local street food stalls and markets.\r\nTraditional Bazaars: Browse through bustling bazaars filled with handmade crafts and souvenirs.\r\nCommunity Events: Join in on traditional festivals and community gatherings to experience local culture.\r\nOff-the-Beaten-Path Attractions: Discover hidden temples, ruins, and natural wonders off the tourist trail.\r\nNeighborhood Hangouts: Mingle with locals at neighborhood cafes, bars, and restaurants.\r\nConclusion:\r\nSummarize the allure of exploring El Gouna\'s hidden gems and local favorites.\r\nEncourage readers to venture off the beaten path and discover the authentic charm of this destination.',	'https://admin.iconciergeeg.com/storage/categories/2024-04-05/628221_1712330632.webp',	'2024-04-05 14:11:16',	'2024-04-05 15:23:52'),
(5,	5,	'Introduction:\r\nSet the tone for an extravagant culinary adventure through El Gouna\'s upscale dining establishments.\r\nHighlight the opulence and sophistication of the region\'s luxury dining scene.\r\nLuxurious Dining Destinations 1-5:\r\nElegant Seafood Restaurants: Delight your palate with the freshest catch of the day served in elegant waterfront settings.\r\nChic Rooftop Cafes: Soak in panoramic views of El Gouna\'s skyline while savoring gourmet cuisine and artisanal cocktails.\r\nExclusive Beachside Eateries: Indulge in beachfront dining experiences featuring gourmet fare and impeccable service.\r\nMichelin-Starred Cuisine: Experience culinary excellence at Michelin-starred restaurants offering innovative dishes crafted by renowned chefs.\r\nHistoric Landmark Restaurants: Dine in grandeur at historic landmark restaurants steeped in tradition and culinary heritage.\r\nLuxury Culinary Experiences 1-5:\r\nPrivate Chef Dinners: Treat yourself to bespoke dining experiences curated by private chefs in luxurious villa settings.\r\nWine Pairing Events: Explore the world of fine wines with expertly curated wine pairing events showcasing rare vintages and gourmet cuisine.\r\nCulinary Workshops: Hone your culinary skills with hands-on cooking workshops led by esteemed chefs specializing in haute cuisine.\r\nVIP Tasting Menus: Indulge in multi-course tasting menus featuring the finest ingredients and culinary craftsmanship.\r\nCelebrity Chef Encounters: Rub elbows with celebrity chefs during exclusive dining events and chef-hosted dinners.\r\nConclusion:\r\nSummarize the lavish dining experiences awaiting discerning food connoisseurs in El Gouna.\r\nEncourage readers to embark on a luxurious culinary journey and indulge in the finest gourmet fare this coastal paradise has to offer.',	'https://admin.iconciergeeg.com/storage/categories/2024-04-05/115990_1712330668.webp',	'2024-04-05 15:24:28',	'2024-04-05 15:24:28');

DROP TABLE IF EXISTS `bookings`;
CREATE TABLE `bookings` (
  `id` bigint(20) unsigned NOT NULL AUTO_INCREMENT,
  `user_id` bigint(20) unsigned NOT NULL,
  `inqiry_id` bigint(20) unsigned NOT NULL,
  `description` text DEFAULT NULL,
  `new_price` double(8,2) DEFAULT NULL,
  `created_at` timestamp NULL DEFAULT NULL,
  `updated_at` timestamp NULL DEFAULT NULL,
  PRIMARY KEY (`id`),
  KEY `bookings_user_id_foreign` (`user_id`),
  KEY `bookings_inqiry_id_foreign` (`inqiry_id`),
  CONSTRAINT `bookings_inqiry_id_foreign` FOREIGN KEY (`inqiry_id`) REFERENCES `inqiries` (`id`) ON DELETE CASCADE,
  CONSTRAINT `bookings_user_id_foreign` FOREIGN KEY (`user_id`) REFERENCES `users` (`id`) ON DELETE CASCADE
) ENGINE=InnoDB DEFAULT CHARSET=utf8mb4 COLLATE=utf8mb4_unicode_ci;


DROP TABLE IF EXISTS `categories`;
CREATE TABLE `categories` (
  `id` bigint(20) unsigned NOT NULL AUTO_INCREMENT,
  `title` varchar(255) NOT NULL,
  `created_at` timestamp NULL DEFAULT NULL,
  `updated_at` timestamp NULL DEFAULT NULL,
  `image` text DEFAULT NULL,
  PRIMARY KEY (`id`)
) ENGINE=InnoDB DEFAULT CHARSET=utf8mb4 COLLATE=utf8mb4_unicode_ci;

INSERT INTO `categories` (`id`, `title`, `created_at`, `updated_at`, `image`) VALUES
(1,	'Dining Experience',	'2024-03-27 19:26:34',	'2024-04-04 19:51:43',	'https://admin.iconciergeeg.com/storage/categories/2024-04-03/MerBey_1712182440.jpg'),
(2,	'Transportation',	'2024-03-27 19:26:34',	'2024-04-07 09:11:47',	'https://admin.iconciergeeg.com/storage/categories/2024-04-07/946400_1712481107.webp'),
(3,	'Travel',	'2024-03-27 19:26:34',	'2024-04-03 22:40:43',	'https://admin.iconciergeeg.com/storage/categories/2024-04-03/Cairo1712184043.jpg'),
(4,	'Yacht Rental',	'2024-03-27 19:26:34',	'2024-04-04 00:06:05',	'https://admin.iconciergeeg.com/storage/categories/2024-04-04/213210_1712189165.jpg'),
(7,	'Beach',	'2024-04-03 22:35:24',	'2024-04-03 22:35:24',	'https://admin.iconciergeeg.com/storage/categories/2024-04-03/Zouni_1712183724.png'),
(8,	'Health, Beauty',	'2024-04-03 22:52:23',	'2024-04-06 17:10:26',	'https://admin.iconciergeeg.com/storage/categories/2024-04-03/HealthBeauty_1712184743.jpg'),
(9,	'Events / Nightlife',	'2024-04-03 23:05:42',	'2024-04-05 13:53:35',	'https://admin.iconciergeeg.com/storage/categories/2024-04-05/190421_1712325215.webp'),
(10,	'Gifts & Shopping',	'2024-04-03 23:08:49',	'2024-04-03 23:08:49',	'https://admin.iconciergeeg.com/storage/categories/2024-04-03/Giftandshopping_1712185729.webp'),
(11,	'Bodyguards',	'2024-04-03 23:11:14',	'2024-04-03 23:11:14',	'https://admin.iconciergeeg.com/storage/categories/2024-04-03/Bodyguards_1712185874.webp'),
(12,	'Corporate',	'2024-04-03 23:17:39',	'2024-04-03 23:17:39',	'https://admin.iconciergeeg.com/storage/categories/2024-04-03/Corporate_1712186259.webp'),
(13,	'Hiring Personnel',	'2024-04-03 23:20:10',	'2024-04-07 17:29:42',	'https://admin.iconciergeeg.com/storage/categories/2024-04-07/922937_1712510862.jpg'),
(14,	'Special Requests',	'2024-04-03 23:29:02',	'2024-04-03 23:29:02',	'https://admin.iconciergeeg.com/storage/categories/2024-04-03/specialrequests_1712186942.webp'),
(15,	'Tailored Excursions',	'2024-04-03 23:32:24',	'2024-04-03 23:32:24',	'https://admin.iconciergeeg.com/storage/categories/2024-04-03/TailoredExcursions_1712187144.webp'),
(16,	'Private Jets',	'2024-04-05 18:12:59',	'2024-04-07 09:09:50',	'https://admin.iconciergeeg.com/storage/categories/2024-04-05/790374_1712340779.webp'),
(17,	'Sports',	'2024-04-06 17:17:43',	'2024-04-06 17:17:43',	'https://admin.iconciergeeg.com/storage/categories/2024-04-06/242981_1712423863.webp');

DROP TABLE IF EXISTS `contacts`;
CREATE TABLE `contacts` (
  `id` bigint(20) NOT NULL AUTO_INCREMENT,
  `first_name` varchar(255) DEFAULT NULL,
  `last_name` varchar(255) DEFAULT NULL,
  `email` varchar(255) DEFAULT NULL,
  `phone` varchar(255) DEFAULT NULL,
  `message` text DEFAULT NULL,
  `created_at` timestamp NOT NULL DEFAULT '0000-00-00 00:00:00' ON UPDATE current_timestamp(),
  `updated_at` timestamp NOT NULL DEFAULT '0000-00-00 00:00:00',
  PRIMARY KEY (`id`)
) ENGINE=InnoDB DEFAULT CHARSET=utf8 COLLATE=utf8_general_ci;

INSERT INTO `contacts` (`id`, `first_name`, `last_name`, `email`, `phone`, `message`, `created_at`, `updated_at`) VALUES
(1,	'first_name',	NULL,	'eltaroon1082000@gamil.com',	'0106643874',	'message',	'2024-03-29 21:55:36',	'2024-03-29 21:55:36'),
(2,	'first_name',	NULL,	'eltaroon1082000@gamil.com',	'0106643874',	'message',	'2024-03-29 21:55:58',	'2024-03-29 21:55:58'),
(3,	NULL,	NULL,	'abdelrhman.elnhas1@gmail.com',	NULL,	'asdasdasd asdadsda asddasdasd',	'2024-03-29 22:07:34',	'2024-03-29 22:07:34'),
(4,	'Abdelrhman',	'Elnhas',	'elnhasdesigner@gmail.com',	'00127698622',	'asdasdasd',	'2024-03-29 22:10:13',	'2024-03-29 22:10:13'),
(5,	'Abdelrhmanss',	'Elnhasss',	'elnhasdesigner@gmail.comss',	'00127698664',	'asdasdasdss',	'2024-03-29 22:10:48',	'2024-03-29 22:10:48'),
(6,	'Abdelrhmanss',	'Elnhasss',	'elnhasdesigner@gmail.comss',	'00127698664',	'asdasdasdss',	'2024-03-29 22:21:18',	'2024-03-29 22:21:18'),
(7,	'Abdelrhman',	'Elnhas',	'elnhasdesigner@gmail.com',	'01127698222',	'سسسسسسسسس',	'2024-04-03 12:17:23',	'2024-04-03 12:17:23');

DROP TABLE IF EXISTS `faqs`;
CREATE TABLE `faqs` (
  `id` bigint(20) unsigned NOT NULL AUTO_INCREMENT,
  `question` varchar(255) NOT NULL,
  `description` text DEFAULT NULL,
  `keywords` text DEFAULT NULL,
  `created_at` timestamp NULL DEFAULT NULL,
  `updated_at` timestamp NULL DEFAULT NULL,
  PRIMARY KEY (`id`)
) ENGINE=InnoDB DEFAULT CHARSET=utf8mb4 COLLATE=utf8mb4_unicode_ci;

INSERT INTO `faqs` (`id`, `question`, `description`, `keywords`, `created_at`, `updated_at`) VALUES
(1,	'question 1',	'answer  1',	NULL,	'2024-03-29 22:01:05',	'2024-03-29 22:01:05'),
(2,	'question 2',	'answer 2',	NULL,	'2024-03-29 22:01:46',	'2024-03-29 22:01:46');

DROP TABLE IF EXISTS `favourites`;
CREATE TABLE `favourites` (
  `id` bigint(20) unsigned NOT NULL AUTO_INCREMENT,
  `user_id` bigint(20) unsigned NOT NULL,
  `service_id` bigint(20) unsigned NOT NULL,
  `created_at` timestamp NULL DEFAULT NULL,
  `updated_at` timestamp NULL DEFAULT NULL,
  PRIMARY KEY (`id`),
  KEY `favourites_user_id_foreign` (`user_id`),
  KEY `favourites_service_id_foreign` (`service_id`),
  CONSTRAINT `favourites_service_id_foreign` FOREIGN KEY (`service_id`) REFERENCES `services` (`id`) ON DELETE CASCADE,
  CONSTRAINT `favourites_user_id_foreign` FOREIGN KEY (`user_id`) REFERENCES `users` (`id`) ON DELETE CASCADE
) ENGINE=InnoDB DEFAULT CHARSET=utf8mb4 COLLATE=utf8mb4_unicode_ci;

INSERT INTO `favourites` (`id`, `user_id`, `service_id`, `created_at`, `updated_at`) VALUES
(17,	11,	63,	'2024-04-07 09:39:23',	'2024-04-07 09:39:23'),
(18,	11,	62,	'2024-04-07 09:39:27',	'2024-04-07 09:39:27'),
(19,	11,	63,	'2024-04-07 09:40:54',	'2024-04-07 09:40:54'),
(20,	11,	63,	'2024-04-07 09:40:56',	'2024-04-07 09:40:56');

DROP TABLE IF EXISTS `images`;
CREATE TABLE `images` (
  `id` bigint(20) unsigned NOT NULL AUTO_INCREMENT,
  `service_id` bigint(20) unsigned DEFAULT NULL,
  `url` text DEFAULT NULL,
  `filename` varchar(255) DEFAULT NULL,
  `created_at` timestamp NULL DEFAULT NULL,
  `updated_at` timestamp NULL DEFAULT NULL,
  `service_detail` bigint(20) unsigned DEFAULT NULL,
  PRIMARY KEY (`id`),
  KEY `images_service_id_foreign` (`service_id`),
  KEY `service_detail` (`service_detail`),
  CONSTRAINT `images_ibfk_1` FOREIGN KEY (`service_id`) REFERENCES `services` (`id`),
  CONSTRAINT `images_ibfk_2` FOREIGN KEY (`service_detail`) REFERENCES `service_details` (`id`),
  CONSTRAINT `images_service_id_foreign` FOREIGN KEY (`service_id`) REFERENCES `services` (`id`) ON DELETE CASCADE
) ENGINE=InnoDB DEFAULT CHARSET=utf8mb4 COLLATE=utf8mb4_unicode_ci;

INSERT INTO `images` (`id`, `service_id`, `url`, `filename`, `created_at`, `updated_at`, `service_detail`) VALUES
(104,	NULL,	'https://admin.iconciergeeg.com/storage/details/services/2024-04-04/112407_1712234023.webp',	'112407_1712234023.webp',	'2024-04-04 12:33:43',	'2024-04-04 12:33:43',	46),
(105,	NULL,	'https://admin.iconciergeeg.com/storage/details/services/2024-04-04/272544_1712234023.webp',	'272544_1712234023.webp',	'2024-04-04 12:33:43',	'2024-04-04 12:33:43',	46),
(106,	NULL,	'https://admin.iconciergeeg.com/storage/details/services/2024-04-04/158181_1712234023.webp',	'158181_1712234023.webp',	'2024-04-04 12:33:43',	'2024-04-04 12:33:43',	46),
(107,	NULL,	'https://admin.iconciergeeg.com/storage/details/services/2024-04-04/599206_1712234023.webp',	'599206_1712234023.webp',	'2024-04-04 12:33:43',	'2024-04-04 12:33:43',	46),
(108,	NULL,	'https://admin.iconciergeeg.com/storage/details/services/2024-04-04/533754_1712234023.webp',	'533754_1712234023.webp',	'2024-04-04 12:33:43',	'2024-04-04 12:33:43',	46),
(109,	NULL,	'https://admin.iconciergeeg.com/storage/details/services/2024-04-04/210182_1712234023.webp',	'210182_1712234023.webp',	'2024-04-04 12:33:43',	'2024-04-04 12:33:43',	46),
(110,	NULL,	'https://admin.iconciergeeg.com/storage/details/services/2024-04-04/415713_1712234023.webp',	'415713_1712234023.webp',	'2024-04-04 12:33:43',	'2024-04-04 12:33:43',	46),
(111,	NULL,	'https://admin.iconciergeeg.com/storage/details/services/2024-04-04/546573_1712234023.webp',	'546573_1712234023.webp',	'2024-04-04 12:33:43',	'2024-04-04 12:33:43',	46),
(112,	NULL,	'https://admin.iconciergeeg.com/storage/details/services/2024-04-04/444204_1712234023.webp',	'444204_1712234023.webp',	'2024-04-04 12:33:43',	'2024-04-04 12:33:43',	46),
(113,	NULL,	'https://admin.iconciergeeg.com/storage/details/services/2024-04-04/849258_1712234023.webp',	'849258_1712234023.webp',	'2024-04-04 12:33:43',	'2024-04-04 12:33:43',	46),
(114,	NULL,	'https://admin.iconciergeeg.com/storage/details/services/2024-04-04/465855_1712234023.webp',	'465855_1712234023.webp',	'2024-04-04 12:33:43',	'2024-04-04 12:33:43',	46),
(115,	NULL,	'https://admin.iconciergeeg.com/storage/details/services/2024-04-04/248323_1712234046.jpg',	'248323_1712234046.jpg',	'2024-04-04 12:34:06',	'2024-04-04 12:34:06',	47),
(158,	NULL,	'https://admin.iconciergeeg.com/storage/details/services/2024-04-04/845837_1712237046.webp',	'845837_1712237046.webp',	'2024-04-04 13:24:06',	'2024-04-04 13:24:06',	66),
(177,	NULL,	'https://admin.iconciergeeg.com/storage/details/services/2024-04-04/973537_1712238299.webp',	'973537_1712238299.webp',	'2024-04-04 13:44:59',	'2024-04-04 13:44:59',	75),
(178,	NULL,	'https://admin.iconciergeeg.com/storage/details/services/2024-04-04/477775_1712238299.webp',	'477775_1712238299.webp',	'2024-04-04 13:44:59',	'2024-04-04 13:44:59',	75),
(179,	NULL,	'https://admin.iconciergeeg.com/storage/details/services/2024-04-04/995596_1712238299.webp',	'995596_1712238299.webp',	'2024-04-04 13:44:59',	'2024-04-04 13:44:59',	75),
(237,	NULL,	'https://admin.iconciergeeg.com/storage/details/services/2024-04-05/Logo_1_1712276318.webp',	'Logo_1_1712276318.webp',	'2024-04-05 00:18:38',	'2024-04-05 00:18:38',	95),
(238,	35,	'https://admin.iconciergeeg.com/storage/services/2024-04-05/Arabesque_1712276428.webp',	'Arabesque_1712276428.webp',	'2024-04-05 00:20:28',	'2024-04-05 00:20:28',	NULL),
(239,	35,	'https://admin.iconciergeeg.com/storage/services/2024-04-05/Arabesque1_1712276428.webp',	'Arabesque1_1712276428.webp',	'2024-04-05 00:20:28',	'2024-04-05 00:20:28',	NULL),
(240,	35,	'https://admin.iconciergeeg.com/storage/services/2024-04-05/Arabesque2_1712276428.webp',	'Arabesque2_1712276428.webp',	'2024-04-05 00:20:28',	'2024-04-05 00:20:28',	NULL),
(241,	35,	'https://admin.iconciergeeg.com/storage/services/2024-04-05/Arabesque3_1712276428.webp',	'Arabesque3_1712276428.webp',	'2024-04-05 00:20:28',	'2024-04-05 00:20:28',	NULL),
(242,	35,	'https://admin.iconciergeeg.com/storage/services/2024-04-05/Arabesque4_1712276428.webp',	'Arabesque4_1712276428.webp',	'2024-04-05 00:20:28',	'2024-04-05 00:20:28',	NULL),
(243,	35,	'https://admin.iconciergeeg.com/storage/services/2024-04-05/Arabesque5_1712276450.webp',	'Arabesque5_1712276450.webp',	'2024-04-05 00:20:50',	'2024-04-05 00:20:50',	NULL),
(245,	21,	'https://admin.iconciergeeg.com/storage/services/2024-04-05/ZouniBeach2_1712276530.webp',	'ZouniBeach2_1712276530.webp',	'2024-04-05 00:22:10',	'2024-04-05 00:22:10',	NULL),
(254,	20,	'https://admin.iconciergeeg.com/storage/services/2024-04-05/merbey_1712276662.webp',	'merbey_1712276662.webp',	'2024-04-05 00:24:22',	'2024-04-05 00:24:22',	NULL),
(255,	20,	'https://admin.iconciergeeg.com/storage/services/2024-04-05/merbey2_1712276662.webp',	'merbey2_1712276662.webp',	'2024-04-05 00:24:22',	'2024-04-05 00:24:22',	NULL),
(256,	20,	'https://admin.iconciergeeg.com/storage/services/2024-04-05/merbey3_1712276662.webp',	'merbey3_1712276662.webp',	'2024-04-05 00:24:22',	'2024-04-05 00:24:22',	NULL),
(257,	17,	'https://admin.iconciergeeg.com/storage/services/2024-04-05/The_Smokery_1_1712276710.webp',	'The_Smokery_1_1712276710.webp',	'2024-04-05 00:25:10',	'2024-04-05 00:25:10',	NULL),
(258,	17,	'https://admin.iconciergeeg.com/storage/services/2024-04-05/The_Smokery_2_1712276710.webp',	'The_Smokery_2_1712276710.webp',	'2024-04-05 00:25:10',	'2024-04-05 00:25:10',	NULL),
(259,	17,	'https://admin.iconciergeeg.com/storage/services/2024-04-05/The_Smokery_1712276710.webp',	'The_Smokery_1712276710.webp',	'2024-04-05 00:25:10',	'2024-04-05 00:25:10',	NULL),
(260,	22,	'https://admin.iconciergeeg.com/storage/services/2024-04-05/Barten_1712276796.webp',	'Barten_1712276796.webp',	'2024-04-05 00:26:36',	'2024-04-05 00:26:36',	NULL),
(261,	22,	'https://admin.iconciergeeg.com/storage/services/2024-04-05/Barten1_1712276796.webp',	'Barten1_1712276796.webp',	'2024-04-05 00:26:36',	'2024-04-05 00:26:36',	NULL),
(262,	22,	'https://admin.iconciergeeg.com/storage/services/2024-04-05/Barten2_1712276796.webp',	'Barten2_1712276796.webp',	'2024-04-05 00:26:36',	'2024-04-05 00:26:36',	NULL),
(269,	18,	'https://admin.iconciergeeg.com/storage/services/2024-04-05/Cairo1_1712277382.jpg',	'Cairo1_1712277382.jpg',	'2024-04-05 00:36:22',	'2024-04-05 00:36:22',	NULL),
(270,	18,	'https://admin.iconciergeeg.com/storage/services/2024-04-05/Cairo2_1712277382.jpg',	'Cairo2_1712277382.jpg',	'2024-04-05 00:36:22',	'2024-04-05 00:36:22',	NULL),
(271,	18,	'https://admin.iconciergeeg.com/storage/services/2024-04-05/Cairo3_1712277382.jpg',	'Cairo3_1712277382.jpg',	'2024-04-05 00:36:22',	'2024-04-05 00:36:22',	NULL),
(272,	18,	'https://admin.iconciergeeg.com/storage/services/2024-04-05/Cairo4_1712277382.jpg',	'Cairo4_1712277382.jpg',	'2024-04-05 00:36:22',	'2024-04-05 00:36:22',	NULL),
(273,	18,	'https://admin.iconciergeeg.com/storage/services/2024-04-05/Cairo5_1712277382.jpg',	'Cairo5_1712277382.jpg',	'2024-04-05 00:36:22',	'2024-04-05 00:36:22',	NULL),
(274,	19,	'https://admin.iconciergeeg.com/storage/services/2024-04-05/Luxor1_1712277473.jpg',	'Luxor1_1712277473.jpg',	'2024-04-05 00:37:53',	'2024-04-05 00:37:53',	NULL),
(275,	19,	'https://admin.iconciergeeg.com/storage/services/2024-04-05/Luxor2_1712277473.jpg',	'Luxor2_1712277473.jpg',	'2024-04-05 00:37:53',	'2024-04-05 00:37:53',	NULL),
(276,	19,	'https://admin.iconciergeeg.com/storage/services/2024-04-05/Luxor3_1712277473.jpg',	'Luxor3_1712277473.jpg',	'2024-04-05 00:37:53',	'2024-04-05 00:37:53',	NULL),
(277,	19,	'https://admin.iconciergeeg.com/storage/services/2024-04-05/Luxor4_1712277473.jpg',	'Luxor4_1712277473.jpg',	'2024-04-05 00:37:53',	'2024-04-05 00:37:53',	NULL),
(278,	23,	'https://admin.iconciergeeg.com/storage/services/2024-04-05/Chicha_1712277564.webp',	'Chicha_1712277564.webp',	'2024-04-05 00:39:24',	'2024-04-05 00:39:24',	NULL),
(279,	23,	'https://admin.iconciergeeg.com/storage/services/2024-04-05/Chicha1_1712277564.webp',	'Chicha1_1712277564.webp',	'2024-04-05 00:39:24',	'2024-04-05 00:39:24',	NULL),
(280,	23,	'https://admin.iconciergeeg.com/storage/services/2024-04-05/Chicha2_1712277564.webp',	'Chicha2_1712277564.webp',	'2024-04-05 00:39:24',	'2024-04-05 00:39:24',	NULL),
(283,	24,	'https://admin.iconciergeeg.com/storage/services/2024-04-05/Steigenberger_3_1712278481.webp',	'Steigenberger_3_1712278481.webp',	'2024-04-05 00:54:41',	'2024-04-05 00:54:41',	NULL),
(284,	24,	'https://admin.iconciergeeg.com/storage/services/2024-04-05/Steigenberger1_1712278481.webp',	'Steigenberger1_1712278481.webp',	'2024-04-05 00:54:41',	'2024-04-05 00:54:41',	NULL),
(285,	24,	'https://admin.iconciergeeg.com/storage/services/2024-04-05/Steigenberger2_1712278481.webp',	'Steigenberger2_1712278481.webp',	'2024-04-05 00:54:41',	'2024-04-05 00:54:41',	NULL),
(286,	24,	'https://admin.iconciergeeg.com/storage/services/2024-04-05/Steigenberger4_1712278481.webp',	'Steigenberger4_1712278481.webp',	'2024-04-05 00:54:41',	'2024-04-05 00:54:41',	NULL),
(287,	24,	'https://admin.iconciergeeg.com/storage/services/2024-04-05/Steigenberger5_1712278481.webp',	'Steigenberger5_1712278481.webp',	'2024-04-05 00:54:41',	'2024-04-05 00:54:41',	NULL),
(288,	27,	'https://admin.iconciergeeg.com/storage/services/2024-04-05/Spa1_1712278989.webp',	'Spa1_1712278989.webp',	'2024-04-05 01:03:09',	'2024-04-05 01:03:09',	NULL),
(289,	27,	'https://admin.iconciergeeg.com/storage/services/2024-04-05/Spa2_1712278989.webp',	'Spa2_1712278989.webp',	'2024-04-05 01:03:09',	'2024-04-05 01:03:09',	NULL),
(290,	27,	'https://admin.iconciergeeg.com/storage/services/2024-04-05/Spa3_1712278989.webp',	'Spa3_1712278989.webp',	'2024-04-05 01:03:09',	'2024-04-05 01:03:09',	NULL),
(291,	27,	'https://admin.iconciergeeg.com/storage/services/2024-04-05/Spa4_1712278989.webp',	'Spa4_1712278989.webp',	'2024-04-05 01:03:09',	'2024-04-05 01:03:09',	NULL),
(292,	27,	'https://admin.iconciergeeg.com/storage/services/2024-04-05/Spa5_1712278989.webp',	'Spa5_1712278989.webp',	'2024-04-05 01:03:09',	'2024-04-05 01:03:09',	NULL),
(293,	26,	'https://admin.iconciergeeg.com/storage/services/2024-04-05/Lagoonspa1_1712279028.webp',	'Lagoonspa1_1712279028.webp',	'2024-04-05 01:03:48',	'2024-04-05 01:03:48',	NULL),
(294,	26,	'https://admin.iconciergeeg.com/storage/services/2024-04-05/Lagoonspa2_1712279028.webp',	'Lagoonspa2_1712279028.webp',	'2024-04-05 01:03:48',	'2024-04-05 01:03:48',	NULL),
(295,	26,	'https://admin.iconciergeeg.com/storage/services/2024-04-05/Lagoonspa3_1712279028.webp',	'Lagoonspa3_1712279028.webp',	'2024-04-05 01:03:48',	'2024-04-05 01:03:48',	NULL),
(296,	26,	'https://admin.iconciergeeg.com/storage/services/2024-04-05/Lagoonspa4_1712279028.webp',	'Lagoonspa4_1712279028.webp',	'2024-04-05 01:03:48',	'2024-04-05 01:03:48',	NULL),
(297,	26,	'https://admin.iconciergeeg.com/storage/services/2024-04-05/Lagoonspa5_1712279028.webp',	'Lagoonspa5_1712279028.webp',	'2024-04-05 01:03:48',	'2024-04-05 01:03:48',	NULL),
(298,	26,	'https://admin.iconciergeeg.com/storage/services/2024-04-05/Lagoonspa6_1712279028.webp',	'Lagoonspa6_1712279028.webp',	'2024-04-05 01:03:48',	'2024-04-05 01:03:48',	NULL),
(299,	26,	'https://admin.iconciergeeg.com/storage/services/2024-04-05/Lagoonspa7_1712279028.webp',	'Lagoonspa7_1712279028.webp',	'2024-04-05 01:03:48',	'2024-04-05 01:03:48',	NULL),
(300,	26,	'https://admin.iconciergeeg.com/storage/services/2024-04-05/Lagoonspa8_1712279028.webp',	'Lagoonspa8_1712279028.webp',	'2024-04-05 01:03:48',	'2024-04-05 01:03:48',	NULL),
(301,	25,	'https://admin.iconciergeeg.com/storage/services/2024-04-05/Casacook_1712279062.webp',	'Casacook_1712279062.webp',	'2024-04-05 01:04:22',	'2024-04-05 01:04:22',	NULL),
(302,	25,	'https://admin.iconciergeeg.com/storage/services/2024-04-05/CasaCook1_1712279062.webp',	'CasaCook1_1712279062.webp',	'2024-04-05 01:04:22',	'2024-04-05 01:04:22',	NULL),
(303,	25,	'https://admin.iconciergeeg.com/storage/services/2024-04-05/CasaCook3_1712279062.webp',	'CasaCook3_1712279062.webp',	'2024-04-05 01:04:22',	'2024-04-05 01:04:22',	NULL),
(304,	25,	'https://admin.iconciergeeg.com/storage/services/2024-04-05/CasaCook4_1712279062.webp',	'CasaCook4_1712279062.webp',	'2024-04-05 01:04:22',	'2024-04-05 01:04:22',	NULL),
(305,	25,	'https://admin.iconciergeeg.com/storage/services/2024-04-05/CasaCook5_1712279062.webp',	'CasaCook5_1712279062.webp',	'2024-04-05 01:04:22',	'2024-04-05 01:04:22',	NULL),
(306,	32,	'https://admin.iconciergeeg.com/storage/services/2024-04-05/GoKart_1712279147.webp',	'GoKart_1712279147.webp',	'2024-04-05 01:05:47',	'2024-04-05 01:05:47',	NULL),
(307,	32,	'https://admin.iconciergeeg.com/storage/services/2024-04-05/GoKart1_1712279163.webp',	'GoKart1_1712279163.webp',	'2024-04-05 01:06:03',	'2024-04-05 01:06:03',	NULL),
(308,	28,	'https://admin.iconciergeeg.com/storage/services/2024-04-05/PrimaSalon_1712279478.webp',	'PrimaSalon_1712279478.webp',	'2024-04-05 01:11:18',	'2024-04-05 01:11:18',	NULL),
(309,	28,	'https://admin.iconciergeeg.com/storage/services/2024-04-05/PrimaSalon2_1712279478.webp',	'PrimaSalon2_1712279478.webp',	'2024-04-05 01:11:18',	'2024-04-05 01:11:18',	NULL),
(310,	28,	'https://admin.iconciergeeg.com/storage/services/2024-04-05/PrimaSalon3_1712279478.webp',	'PrimaSalon3_1712279478.webp',	'2024-04-05 01:11:18',	'2024-04-05 01:11:18',	NULL),
(311,	28,	'https://admin.iconciergeeg.com/storage/services/2024-04-05/PrimaSalon4_1712279478.webp',	'PrimaSalon4_1712279478.webp',	'2024-04-05 01:11:18',	'2024-04-05 01:11:18',	NULL),
(312,	28,	'https://admin.iconciergeeg.com/storage/services/2024-04-05/PrimaSalon5_1712279478.webp',	'PrimaSalon5_1712279478.webp',	'2024-04-05 01:11:18',	'2024-04-05 01:11:18',	NULL),
(313,	28,	'https://admin.iconciergeeg.com/storage/services/2024-04-05/PrimaSalon6_1712279478.webp',	'PrimaSalon6_1712279478.webp',	'2024-04-05 01:11:18',	'2024-04-05 01:11:18',	NULL),
(314,	28,	'https://admin.iconciergeeg.com/storage/services/2024-04-05/PrimaSalon7_1712279478.webp',	'PrimaSalon7_1712279478.webp',	'2024-04-05 01:11:18',	'2024-04-05 01:11:18',	NULL),
(315,	28,	'https://admin.iconciergeeg.com/storage/services/2024-04-05/PrimaSalon8_1712279478.webp',	'PrimaSalon8_1712279478.webp',	'2024-04-05 01:11:18',	'2024-04-05 01:11:18',	NULL),
(316,	28,	'https://admin.iconciergeeg.com/storage/services/2024-04-05/PrimaSalon9_1712279478.webp',	'PrimaSalon9_1712279478.webp',	'2024-04-05 01:11:18',	'2024-04-05 01:11:18',	NULL),
(317,	28,	'https://admin.iconciergeeg.com/storage/services/2024-04-05/PrimaSalon10_1712279478.webp',	'PrimaSalon10_1712279478.webp',	'2024-04-05 01:11:18',	'2024-04-05 01:11:18',	NULL),
(318,	28,	'https://admin.iconciergeeg.com/storage/services/2024-04-05/PrimaSalon11_1712279478.webp',	'PrimaSalon11_1712279478.webp',	'2024-04-05 01:11:18',	'2024-04-05 01:11:18',	NULL),
(319,	28,	'https://admin.iconciergeeg.com/storage/services/2024-04-05/PrimaSalon12_1712279478.webp',	'PrimaSalon12_1712279478.webp',	'2024-04-05 01:11:18',	'2024-04-05 01:11:18',	NULL),
(320,	30,	'https://admin.iconciergeeg.com/storage/services/2024-04-05/AncientSands_1712279558.webp',	'AncientSands_1712279558.webp',	'2024-04-05 01:12:38',	'2024-04-05 01:12:38',	NULL),
(321,	30,	'https://admin.iconciergeeg.com/storage/services/2024-04-05/AncientSands1_1712279558.webp',	'AncientSands1_1712279558.webp',	'2024-04-05 01:12:38',	'2024-04-05 01:12:38',	NULL),
(322,	29,	'https://admin.iconciergeeg.com/storage/services/2024-04-05/ElGounaGolfClub_1712279612.webp',	'ElGounaGolfClub_1712279612.webp',	'2024-04-05 01:13:32',	'2024-04-05 01:13:32',	NULL),
(323,	31,	'https://admin.iconciergeeg.com/storage/services/2024-04-05/Padel_1712279688.webp',	'Padel_1712279688.webp',	'2024-04-05 01:14:48',	'2024-04-05 01:14:48',	NULL),
(324,	31,	'https://admin.iconciergeeg.com/storage/services/2024-04-05/Padel1_1712279688.webp',	'Padel1_1712279688.webp',	'2024-04-05 01:14:48',	'2024-04-05 01:14:48',	NULL),
(325,	34,	'https://admin.iconciergeeg.com/storage/services/2024-04-05/Mercedes_1712279901.webp',	'Mercedes_1712279901.webp',	'2024-04-05 01:18:21',	'2024-04-05 01:18:21',	NULL),
(326,	34,	'https://admin.iconciergeeg.com/storage/services/2024-04-05/Mercedes1_1712279901.webp',	'Mercedes1_1712279901.webp',	'2024-04-05 01:18:21',	'2024-04-05 01:18:21',	NULL),
(328,	33,	'https://admin.iconciergeeg.com/storage/services/2024-04-05/MercedesV2502_1712279933.webp',	'MercedesV2502_1712279933.webp',	'2024-04-05 01:18:53',	'2024-04-05 01:18:53',	NULL),
(329,	33,	'https://admin.iconciergeeg.com/storage/services/2024-04-05/MercedesV250_1712279933.webp',	'MercedesV250_1712279933.webp',	'2024-04-05 01:18:53',	'2024-04-05 01:18:53',	NULL),
(330,	39,	'https://admin.iconciergeeg.com/storage/services/2024-04-05/OceanFlyer4_1712280636.webp',	'OceanFlyer4_1712280636.webp',	'2024-04-05 01:30:36',	'2024-04-05 01:30:36',	NULL),
(331,	39,	'https://admin.iconciergeeg.com/storage/services/2024-04-05/OceanFlyer5_1712280636.webp',	'OceanFlyer5_1712280636.webp',	'2024-04-05 01:30:36',	'2024-04-05 01:30:36',	NULL),
(332,	39,	'https://admin.iconciergeeg.com/storage/services/2024-04-05/OceanFlyer6_1712280636.webp',	'OceanFlyer6_1712280636.webp',	'2024-04-05 01:30:36',	'2024-04-05 01:30:36',	NULL),
(333,	39,	'https://admin.iconciergeeg.com/storage/services/2024-04-05/OceanFlyer7_1712280636.webp',	'OceanFlyer7_1712280636.webp',	'2024-04-05 01:30:36',	'2024-04-05 01:30:36',	NULL),
(334,	39,	'https://admin.iconciergeeg.com/storage/services/2024-04-05/Ocea_Flyer8_1712280665.webp',	'Ocea_Flyer8_1712280665.webp',	'2024-04-05 01:31:05',	'2024-04-05 01:31:05',	NULL),
(335,	39,	'https://admin.iconciergeeg.com/storage/services/2024-04-05/OceanFlyer1_1712280665.webp',	'OceanFlyer1_1712280665.webp',	'2024-04-05 01:31:05',	'2024-04-05 01:31:05',	NULL),
(336,	39,	'https://admin.iconciergeeg.com/storage/services/2024-04-05/OceanFlyer2_1712280665.webp',	'OceanFlyer2_1712280665.webp',	'2024-04-05 01:31:05',	'2024-04-05 01:31:05',	NULL),
(337,	39,	'https://admin.iconciergeeg.com/storage/services/2024-04-05/OceanFlyer3_1712280665.webp',	'OceanFlyer3_1712280665.webp',	'2024-04-05 01:31:05',	'2024-04-05 01:31:05',	NULL),
(338,	41,	'https://admin.iconciergeeg.com/storage/services/2024-04-05/RIB_Boat_1_1712280748.webp',	'RIB_Boat_1_1712280748.webp',	'2024-04-05 01:32:28',	'2024-04-05 01:32:28',	NULL),
(339,	41,	'https://admin.iconciergeeg.com/storage/services/2024-04-05/RIB_Boar_2_1712280764.webp',	'RIB_Boar_2_1712280764.webp',	'2024-04-05 01:32:44',	'2024-04-05 01:32:44',	NULL),
(340,	41,	'https://admin.iconciergeeg.com/storage/services/2024-04-05/RIB_Boat_3_1712280775.webp',	'RIB_Boat_3_1712280775.webp',	'2024-04-05 01:32:55',	'2024-04-05 01:32:55',	NULL),
(341,	40,	'https://admin.iconciergeeg.com/storage/services/2024-04-05/Vigaboat2_1712280900.webp',	'Vigaboat2_1712280900.webp',	'2024-04-05 01:35:00',	'2024-04-05 01:35:00',	NULL),
(342,	40,	'https://admin.iconciergeeg.com/storage/services/2024-04-05/VigaBoat3_1712280900.webp',	'VigaBoat3_1712280900.webp',	'2024-04-05 01:35:00',	'2024-04-05 01:35:00',	NULL),
(345,	38,	'https://admin.iconciergeeg.com/storage/services/2024-04-05/Holix_1712281157.webp',	'Holix_1712281157.webp',	'2024-04-05 01:39:17',	'2024-04-05 01:39:17',	NULL),
(346,	38,	'https://admin.iconciergeeg.com/storage/services/2024-04-05/Holix2_1712281175.webp',	'Holix2_1712281175.webp',	'2024-04-05 01:39:35',	'2024-04-05 01:39:35',	NULL),
(347,	42,	'https://admin.iconciergeeg.com/storage/services/2024-04-05/Flitescooter_1712282548.webp',	'Flitescooter_1712282548.webp',	'2024-04-05 02:02:28',	'2024-04-05 02:02:28',	NULL),
(348,	42,	'https://admin.iconciergeeg.com/storage/services/2024-04-05/Flitescooter1_1712282548.webp',	'Flitescooter1_1712282548.webp',	'2024-04-05 02:02:28',	'2024-04-05 02:02:28',	NULL),
(349,	43,	'https://admin.iconciergeeg.com/storage/services/2024-04-05/Safari_1712282618.webp',	'Safari_1712282618.webp',	'2024-04-05 02:03:38',	'2024-04-05 02:03:38',	NULL),
(350,	43,	'https://admin.iconciergeeg.com/storage/services/2024-04-05/Safari2_1712282618.webp',	'Safari2_1712282618.webp',	'2024-04-05 02:03:38',	'2024-04-05 02:03:38',	NULL),
(351,	43,	'https://admin.iconciergeeg.com/storage/services/2024-04-05/Safari3_1712282618.webp',	'Safari3_1712282618.webp',	'2024-04-05 02:03:38',	'2024-04-05 02:03:38',	NULL),
(352,	44,	'https://admin.iconciergeeg.com/storage/services/2024-04-05/JeepTrip_1712282654.webp',	'JeepTrip_1712282654.webp',	'2024-04-05 02:04:14',	'2024-04-05 02:04:14',	NULL),
(353,	45,	'https://admin.iconciergeeg.com/storage/services/2024-04-05/Horseback_21_1712282719.webp',	'Horseback_21_1712282719.webp',	'2024-04-05 02:05:19',	'2024-04-05 02:05:19',	NULL),
(354,	45,	'https://admin.iconciergeeg.com/storage/services/2024-04-05/Horseback_22_1712282719.webp',	'Horseback_22_1712282719.webp',	'2024-04-05 02:05:19',	'2024-04-05 02:05:19',	NULL),
(355,	45,	'https://admin.iconciergeeg.com/storage/services/2024-04-05/Horseback_23_1712282719.webp',	'Horseback_23_1712282719.webp',	'2024-04-05 02:05:19',	'2024-04-05 02:05:19',	NULL),
(356,	45,	'https://admin.iconciergeeg.com/storage/services/2024-04-05/Horseback_24_1712282719.webp',	'Horseback_24_1712282719.webp',	'2024-04-05 02:05:19',	'2024-04-05 02:05:19',	NULL),
(357,	45,	'https://admin.iconciergeeg.com/storage/services/2024-04-05/Horseback1_1712282719.webp',	'Horseback1_1712282719.webp',	'2024-04-05 02:05:19',	'2024-04-05 02:05:19',	NULL),
(358,	45,	'https://admin.iconciergeeg.com/storage/services/2024-04-05/Horseback2_1712282719.webp',	'Horseback2_1712282719.webp',	'2024-04-05 02:05:19',	'2024-04-05 02:05:19',	NULL),
(359,	45,	'https://admin.iconciergeeg.com/storage/services/2024-04-05/Horseback3_1712282719.webp',	'Horseback3_1712282719.webp',	'2024-04-05 02:05:19',	'2024-04-05 02:05:19',	NULL),
(360,	45,	'https://admin.iconciergeeg.com/storage/services/2024-04-05/Horseback4_1712282719.webp',	'Horseback4_1712282719.webp',	'2024-04-05 02:05:19',	'2024-04-05 02:05:19',	NULL),
(361,	45,	'https://admin.iconciergeeg.com/storage/services/2024-04-05/Horseback5_1712282719.webp',	'Horseback5_1712282719.webp',	'2024-04-05 02:05:19',	'2024-04-05 02:05:19',	NULL),
(362,	45,	'https://admin.iconciergeeg.com/storage/services/2024-04-05/Horseback6_1712282719.webp',	'Horseback6_1712282719.webp',	'2024-04-05 02:05:19',	'2024-04-05 02:05:19',	NULL),
(363,	45,	'https://admin.iconciergeeg.com/storage/services/2024-04-05/Horseback7_1712282719.webp',	'Horseback7_1712282719.webp',	'2024-04-05 02:05:19',	'2024-04-05 02:05:19',	NULL),
(364,	45,	'https://admin.iconciergeeg.com/storage/services/2024-04-05/Horseback8_1712282719.webp',	'Horseback8_1712282719.webp',	'2024-04-05 02:05:19',	'2024-04-05 02:05:19',	NULL),
(365,	45,	'https://admin.iconciergeeg.com/storage/services/2024-04-05/Horseback9_1712282719.webp',	'Horseback9_1712282719.webp',	'2024-04-05 02:05:19',	'2024-04-05 02:05:19',	NULL),
(366,	45,	'https://admin.iconciergeeg.com/storage/services/2024-04-05/Horseback10_1712282719.webp',	'Horseback10_1712282719.webp',	'2024-04-05 02:05:19',	'2024-04-05 02:05:19',	NULL),
(367,	45,	'https://admin.iconciergeeg.com/storage/services/2024-04-05/Horseback11_1712282719.webp',	'Horseback11_1712282719.webp',	'2024-04-05 02:05:19',	'2024-04-05 02:05:19',	NULL),
(368,	45,	'https://admin.iconciergeeg.com/storage/services/2024-04-05/Horseback12_1712282719.webp',	'Horseback12_1712282719.webp',	'2024-04-05 02:05:19',	'2024-04-05 02:05:19',	NULL),
(369,	45,	'https://admin.iconciergeeg.com/storage/services/2024-04-05/Horseback13_1712282719.webp',	'Horseback13_1712282719.webp',	'2024-04-05 02:05:19',	'2024-04-05 02:05:19',	NULL),
(370,	45,	'https://admin.iconciergeeg.com/storage/services/2024-04-05/Horseback14_1712282719.webp',	'Horseback14_1712282719.webp',	'2024-04-05 02:05:19',	'2024-04-05 02:05:19',	NULL),
(371,	45,	'https://admin.iconciergeeg.com/storage/services/2024-04-05/Horseback15_1712282719.webp',	'Horseback15_1712282719.webp',	'2024-04-05 02:05:19',	'2024-04-05 02:05:19',	NULL),
(372,	45,	'https://admin.iconciergeeg.com/storage/services/2024-04-05/Horseback16_1712282719.webp',	'Horseback16_1712282719.webp',	'2024-04-05 02:05:19',	'2024-04-05 02:05:19',	NULL),
(375,	46,	'https://admin.iconciergeeg.com/storage/services/2024-04-05/Hiking3_1712283187.webp',	'Hiking3_1712283187.webp',	'2024-04-05 02:13:07',	'2024-04-05 02:13:07',	NULL),
(376,	46,	'https://admin.iconciergeeg.com/storage/services/2024-04-05/Hiking4_1712283187.webp',	'Hiking4_1712283187.webp',	'2024-04-05 02:13:07',	'2024-04-05 02:13:07',	NULL),
(377,	46,	'https://admin.iconciergeeg.com/storage/services/2024-04-05/Hiking5_1712283187.webp',	'Hiking5_1712283187.webp',	'2024-04-05 02:13:07',	'2024-04-05 02:13:07',	NULL),
(378,	46,	'https://admin.iconciergeeg.com/storage/services/2024-04-05/Hiking6_1712283187.webp',	'Hiking6_1712283187.webp',	'2024-04-05 02:13:07',	'2024-04-05 02:13:07',	NULL),
(379,	46,	'https://admin.iconciergeeg.com/storage/services/2024-04-05/Hiking7_1712283187.webp',	'Hiking7_1712283187.webp',	'2024-04-05 02:13:07',	'2024-04-05 02:13:07',	NULL),
(380,	46,	'https://admin.iconciergeeg.com/storage/services/2024-04-05/Hiking8_1712283187.webp',	'Hiking8_1712283187.webp',	'2024-04-05 02:13:07',	'2024-04-05 02:13:07',	NULL),
(381,	46,	'https://admin.iconciergeeg.com/storage/services/2024-04-05/Hiking9_1712283187.webp',	'Hiking9_1712283187.webp',	'2024-04-05 02:13:07',	'2024-04-05 02:13:07',	NULL),
(382,	46,	'https://admin.iconciergeeg.com/storage/services/2024-04-05/Hiking10_1712283187.webp',	'Hiking10_1712283187.webp',	'2024-04-05 02:13:07',	'2024-04-05 02:13:07',	NULL),
(383,	46,	'https://admin.iconciergeeg.com/storage/services/2024-04-05/Hiking11_1712283187.webp',	'Hiking11_1712283187.webp',	'2024-04-05 02:13:07',	'2024-04-05 02:13:07',	NULL),
(384,	46,	'https://admin.iconciergeeg.com/storage/services/2024-04-05/Hiking12_1712283187.webp',	'Hiking12_1712283187.webp',	'2024-04-05 02:13:07',	'2024-04-05 02:13:07',	NULL),
(385,	46,	'https://admin.iconciergeeg.com/storage/services/2024-04-05/Hiking13_1712283187.webp',	'Hiking13_1712283187.webp',	'2024-04-05 02:13:07',	'2024-04-05 02:13:07',	NULL),
(386,	46,	'https://admin.iconciergeeg.com/storage/services/2024-04-05/Hiking14_1712283187.webp',	'Hiking14_1712283187.webp',	'2024-04-05 02:13:07',	'2024-04-05 02:13:07',	NULL),
(387,	46,	'https://admin.iconciergeeg.com/storage/services/2024-04-05/Hiking16_1712283187.webp',	'Hiking16_1712283187.webp',	'2024-04-05 02:13:07',	'2024-04-05 02:13:07',	NULL),
(388,	46,	'https://admin.iconciergeeg.com/storage/services/2024-04-05/Hiking17_1712283187.webp',	'Hiking17_1712283187.webp',	'2024-04-05 02:13:07',	'2024-04-05 02:13:07',	NULL),
(389,	46,	'https://admin.iconciergeeg.com/storage/services/2024-04-05/Hiking18_1712283187.webp',	'Hiking18_1712283187.webp',	'2024-04-05 02:13:07',	'2024-04-05 02:13:07',	NULL),
(390,	46,	'https://admin.iconciergeeg.com/storage/services/2024-04-05/Hiking19_1712283187.webp',	'Hiking19_1712283187.webp',	'2024-04-05 02:13:07',	'2024-04-05 02:13:07',	NULL),
(391,	46,	'https://admin.iconciergeeg.com/storage/services/2024-04-05/Hiking20_1712283187.webp',	'Hiking20_1712283187.webp',	'2024-04-05 02:13:07',	'2024-04-05 02:13:07',	NULL),
(392,	46,	'https://admin.iconciergeeg.com/storage/services/2024-04-05/Hiking21_1712283187.webp',	'Hiking21_1712283187.webp',	'2024-04-05 02:13:07',	'2024-04-05 02:13:07',	NULL),
(394,	47,	'https://admin.iconciergeeg.com/storage/services/2024-04-05/Tawila2_1712283227.webp',	'Tawila2_1712283227.webp',	'2024-04-05 02:13:47',	'2024-04-05 02:13:47',	NULL),
(395,	47,	'https://admin.iconciergeeg.com/storage/services/2024-04-05/Tawila3_1712283227.webp',	'Tawila3_1712283227.webp',	'2024-04-05 02:13:47',	'2024-04-05 02:13:47',	NULL),
(397,	48,	'https://admin.iconciergeeg.com/storage/services/2024-04-05/Bodyguards_1_1712283638.webp',	'Bodyguards_1_1712283638.webp',	'2024-04-05 02:20:38',	'2024-04-05 02:20:38',	NULL),
(398,	48,	'https://admin.iconciergeeg.com/storage/services/2024-04-05/Bodyguards_1712283638.webp',	'Bodyguards_1712283638.webp',	'2024-04-05 02:20:38',	'2024-04-05 02:20:38',	NULL),
(399,	49,	'https://admin.iconciergeeg.com/storage/services/2024-04-05/smokery_1712283721.webp',	'smokery_1712283721.webp',	'2024-04-05 02:22:01',	'2024-04-05 02:22:01',	NULL),
(400,	49,	'https://admin.iconciergeeg.com/storage/services/2024-04-05/smokery2_1712283721.webp',	'smokery2_1712283721.webp',	'2024-04-05 02:22:01',	'2024-04-05 02:22:01',	NULL),
(401,	49,	'https://admin.iconciergeeg.com/storage/services/2024-04-05/smokery3_1712283721.webp',	'smokery3_1712283721.webp',	'2024-04-05 02:22:01',	'2024-04-05 02:22:01',	NULL),
(402,	50,	'https://admin.iconciergeeg.com/storage/services/2024-04-05/Zouni1_1712283831.webp',	'Zouni1_1712283831.webp',	'2024-04-05 02:23:51',	'2024-04-05 02:23:51',	NULL),
(403,	50,	'https://admin.iconciergeeg.com/storage/services/2024-04-05/Zouni2_1712283831.webp',	'Zouni2_1712283831.webp',	'2024-04-05 02:23:51',	'2024-04-05 02:23:51',	NULL),
(404,	50,	'https://admin.iconciergeeg.com/storage/services/2024-04-05/Zouni3_1712283831.webp',	'Zouni3_1712283831.webp',	'2024-04-05 02:23:51',	'2024-04-05 02:23:51',	NULL),
(405,	50,	'https://admin.iconciergeeg.com/storage/services/2024-04-05/Zouni4_1712283831.webp',	'Zouni4_1712283831.webp',	'2024-04-05 02:23:51',	'2024-04-05 02:23:51',	NULL),
(406,	50,	'https://admin.iconciergeeg.com/storage/services/2024-04-05/Zouni5_1712283831.webp',	'Zouni5_1712283831.webp',	'2024-04-05 02:23:51',	'2024-04-05 02:23:51',	NULL),
(407,	50,	'https://admin.iconciergeeg.com/storage/services/2024-04-05/Zouni6_1712283831.webp',	'Zouni6_1712283831.webp',	'2024-04-05 02:23:51',	'2024-04-05 02:23:51',	NULL),
(408,	51,	'https://admin.iconciergeeg.com/storage/services/2024-04-05/Boho_Cafe_1_1712317019.webp',	'Boho_Cafe_1_1712317019.webp',	'2024-04-05 11:36:59',	'2024-04-05 11:36:59',	NULL),
(409,	51,	'https://admin.iconciergeeg.com/storage/services/2024-04-05/Boho_Cafe_2_1712317019.webp',	'Boho_Cafe_2_1712317019.webp',	'2024-04-05 11:36:59',	'2024-04-05 11:36:59',	NULL),
(410,	51,	'https://admin.iconciergeeg.com/storage/services/2024-04-05/Boho_Cafe_3_1712317019.webp',	'Boho_Cafe_3_1712317019.webp',	'2024-04-05 11:36:59',	'2024-04-05 11:36:59',	NULL),
(411,	NULL,	'https://admin.iconciergeeg.com/storage/details/services/2024-04-05/Boho_Cafe_Menu_1_1712317184.webp',	'Boho_Cafe_Menu_1_1712317184.webp',	'2024-04-05 11:39:44',	'2024-04-05 11:39:44',	120),
(412,	NULL,	'https://admin.iconciergeeg.com/storage/details/services/2024-04-05/Boho_Cafe_Menu_2_1712317184.webp',	'Boho_Cafe_Menu_2_1712317184.webp',	'2024-04-05 11:39:44',	'2024-04-05 11:39:44',	120),
(413,	NULL,	'https://admin.iconciergeeg.com/storage/details/services/2024-04-05/Boho_Cafe_Menu_3_1712317184.webp',	'Boho_Cafe_Menu_3_1712317184.webp',	'2024-04-05 11:39:44',	'2024-04-05 11:39:44',	120),
(414,	NULL,	'https://admin.iconciergeeg.com/storage/details/services/2024-04-05/Boho_Cafe_Menu_4_1712317184.webp',	'Boho_Cafe_Menu_4_1712317184.webp',	'2024-04-05 11:39:44',	'2024-04-05 11:39:44',	120),
(415,	NULL,	'https://admin.iconciergeeg.com/storage/details/services/2024-04-05/Boho_Cafe_Menu_5_1712317184.webp',	'Boho_Cafe_Menu_5_1712317184.webp',	'2024-04-05 11:39:44',	'2024-04-05 11:39:44',	120),
(416,	NULL,	'https://admin.iconciergeeg.com/storage/details/services/2024-04-05/Boho_Cafe_Menu_6_1712317184.webp',	'Boho_Cafe_Menu_6_1712317184.webp',	'2024-04-05 11:39:44',	'2024-04-05 11:39:44',	120),
(417,	NULL,	'https://admin.iconciergeeg.com/storage/details/services/2024-04-05/Boho_Cafe_Menu_7_1712317184.webp',	'Boho_Cafe_Menu_7_1712317184.webp',	'2024-04-05 11:39:44',	'2024-04-05 11:39:44',	120),
(418,	NULL,	'https://admin.iconciergeeg.com/storage/details/services/2024-04-05/Boho_Cafe_Menu_8_1712317184.webp',	'Boho_Cafe_Menu_8_1712317184.webp',	'2024-04-05 11:39:44',	'2024-04-05 11:39:44',	120),
(419,	NULL,	'https://admin.iconciergeeg.com/storage/details/services/2024-04-05/Boho_Cafe_Menu_9_1712317184.webp',	'Boho_Cafe_Menu_9_1712317184.webp',	'2024-04-05 11:39:44',	'2024-04-05 11:39:44',	120),
(420,	NULL,	'https://admin.iconciergeeg.com/storage/details/services/2024-04-05/Boho_Cafe_Menu_10_1712317184.webp',	'Boho_Cafe_Menu_10_1712317184.webp',	'2024-04-05 11:39:44',	'2024-04-05 11:39:44',	120),
(421,	NULL,	'https://admin.iconciergeeg.com/storage/details/services/2024-04-05/Boho_Cafe_Menu_11_1712317184.webp',	'Boho_Cafe_Menu_11_1712317184.webp',	'2024-04-05 11:39:44',	'2024-04-05 11:39:44',	120),
(422,	NULL,	'https://admin.iconciergeeg.com/storage/details/services/2024-04-05/Boho_Cafe_Menu_12_1712317184.webp',	'Boho_Cafe_Menu_12_1712317184.webp',	'2024-04-05 11:39:44',	'2024-04-05 11:39:44',	120),
(423,	NULL,	'https://admin.iconciergeeg.com/storage/details/services/2024-04-05/Boho_Cafe_Menu_13_1712317184.webp',	'Boho_Cafe_Menu_13_1712317184.webp',	'2024-04-05 11:39:44',	'2024-04-05 11:39:44',	120),
(424,	NULL,	'https://admin.iconciergeeg.com/storage/details/services/2024-04-05/Boho_Cafe_Menu_14_1712317184.webp',	'Boho_Cafe_Menu_14_1712317184.webp',	'2024-04-05 11:39:44',	'2024-04-05 11:39:44',	120),
(425,	NULL,	'https://admin.iconciergeeg.com/storage/details/services/2024-04-05/Boho_Cafe_Menu_15_1712317184.webp',	'Boho_Cafe_Menu_15_1712317184.webp',	'2024-04-05 11:39:44',	'2024-04-05 11:39:44',	120),
(426,	NULL,	'https://admin.iconciergeeg.com/storage/details/services/2024-04-05/Boho_Cafe_Menu_16_1712317184.webp',	'Boho_Cafe_Menu_16_1712317184.webp',	'2024-04-05 11:39:44',	'2024-04-05 11:39:44',	120),
(427,	NULL,	'https://admin.iconciergeeg.com/storage/details/services/2024-04-05/Boho_Cafe_Menu_17_1712317184.webp',	'Boho_Cafe_Menu_17_1712317184.webp',	'2024-04-05 11:39:44',	'2024-04-05 11:39:44',	120),
(428,	NULL,	'https://admin.iconciergeeg.com/storage/details/services/2024-04-05/Boho_Cafe_Menu_18_1712317184.webp',	'Boho_Cafe_Menu_18_1712317184.webp',	'2024-04-05 11:39:44',	'2024-04-05 11:39:44',	120),
(429,	NULL,	'https://admin.iconciergeeg.com/storage/details/services/2024-04-05/Barten_Menu_(1)_1712317318.webp',	'Barten_Menu_(1)_1712317318.webp',	'2024-04-05 11:41:58',	'2024-04-05 11:41:58',	121),
(430,	NULL,	'https://admin.iconciergeeg.com/storage/details/services/2024-04-05/Barten_Menu_(2)_1712317318.webp',	'Barten_Menu_(2)_1712317318.webp',	'2024-04-05 11:41:58',	'2024-04-05 11:41:58',	121),
(431,	NULL,	'https://admin.iconciergeeg.com/storage/details/services/2024-04-05/Barten_Menu_(3)_1712317318.webp',	'Barten_Menu_(3)_1712317318.webp',	'2024-04-05 11:41:58',	'2024-04-05 11:41:58',	121),
(432,	NULL,	'https://admin.iconciergeeg.com/storage/details/services/2024-04-05/Barten_Menu_(4)_1712317318.webp',	'Barten_Menu_(4)_1712317318.webp',	'2024-04-05 11:41:58',	'2024-04-05 11:41:58',	121),
(433,	NULL,	'https://admin.iconciergeeg.com/storage/details/services/2024-04-05/Barten_Menu_(5)_1712317318.webp',	'Barten_Menu_(5)_1712317318.webp',	'2024-04-05 11:41:58',	'2024-04-05 11:41:58',	121),
(434,	NULL,	'https://admin.iconciergeeg.com/storage/details/services/2024-04-05/Barten_Menu_(6)_1712317318.webp',	'Barten_Menu_(6)_1712317318.webp',	'2024-04-05 11:41:58',	'2024-04-05 11:41:58',	121),
(435,	NULL,	'https://admin.iconciergeeg.com/storage/details/services/2024-04-05/Barten_Menu_(7)_1712317318.webp',	'Barten_Menu_(7)_1712317318.webp',	'2024-04-05 11:41:58',	'2024-04-05 11:41:58',	121),
(436,	NULL,	'https://admin.iconciergeeg.com/storage/details/services/2024-04-05/Barten_Menu_(8)_1712317318.webp',	'Barten_Menu_(8)_1712317318.webp',	'2024-04-05 11:41:58',	'2024-04-05 11:41:58',	121),
(437,	NULL,	'https://admin.iconciergeeg.com/storage/details/services/2024-04-05/Barten_Menu_(9)_1712317318.webp',	'Barten_Menu_(9)_1712317318.webp',	'2024-04-05 11:41:58',	'2024-04-05 11:41:58',	121),
(438,	NULL,	'https://admin.iconciergeeg.com/storage/details/services/2024-04-05/Barten_Menu_(10)_1712317318.webp',	'Barten_Menu_(10)_1712317318.webp',	'2024-04-05 11:41:58',	'2024-04-05 11:41:58',	121),
(439,	NULL,	'https://admin.iconciergeeg.com/storage/details/services/2024-04-05/Barten_Menu_(11)_1712317318.webp',	'Barten_Menu_(11)_1712317318.webp',	'2024-04-05 11:41:58',	'2024-04-05 11:41:58',	121),
(440,	NULL,	'https://admin.iconciergeeg.com/storage/details/services/2024-04-05/Barten_Menu_(12)_1712317318.webp',	'Barten_Menu_(12)_1712317318.webp',	'2024-04-05 11:41:58',	'2024-04-05 11:41:58',	121),
(441,	NULL,	'https://admin.iconciergeeg.com/storage/details/services/2024-04-05/Barten_Menu_(13)_1712317318.webp',	'Barten_Menu_(13)_1712317318.webp',	'2024-04-05 11:41:58',	'2024-04-05 11:41:58',	121),
(442,	NULL,	'https://admin.iconciergeeg.com/storage/details/services/2024-04-05/Barten_Menu_(14)_1712317318.webp',	'Barten_Menu_(14)_1712317318.webp',	'2024-04-05 11:41:58',	'2024-04-05 11:41:58',	121),
(443,	NULL,	'https://admin.iconciergeeg.com/storage/details/services/2024-04-05/Barten_Menu_(15)_1712317318.webp',	'Barten_Menu_(15)_1712317318.webp',	'2024-04-05 11:41:58',	'2024-04-05 11:41:58',	121),
(444,	NULL,	'https://admin.iconciergeeg.com/storage/details/services/2024-04-05/Barten_Menu_(16)_1712317318.webp',	'Barten_Menu_(16)_1712317318.webp',	'2024-04-05 11:41:58',	'2024-04-05 11:41:58',	121),
(445,	NULL,	'https://admin.iconciergeeg.com/storage/details/services/2024-04-05/Barten_Menu_(17)_1712317318.webp',	'Barten_Menu_(17)_1712317318.webp',	'2024-04-05 11:41:58',	'2024-04-05 11:41:58',	121),
(446,	NULL,	'https://admin.iconciergeeg.com/storage/details/services/2024-04-05/Barten_Menu_(18)_1712317318.webp',	'Barten_Menu_(18)_1712317318.webp',	'2024-04-05 11:41:58',	'2024-04-05 11:41:58',	121),
(447,	NULL,	'https://admin.iconciergeeg.com/storage/details/services/2024-04-05/Barten_Menu_(19)_1712317318.webp',	'Barten_Menu_(19)_1712317318.webp',	'2024-04-05 11:41:58',	'2024-04-05 11:41:58',	121),
(448,	NULL,	'https://admin.iconciergeeg.com/storage/details/services/2024-04-05/Barten_Menu_(20)_1712317318.webp',	'Barten_Menu_(20)_1712317318.webp',	'2024-04-05 11:41:58',	'2024-04-05 11:41:58',	121),
(449,	NULL,	'https://admin.iconciergeeg.com/storage/details/services/2024-04-05/Chicha_Menu_(1)_1712317441.webp',	'Chicha_Menu_(1)_1712317441.webp',	'2024-04-05 11:44:01',	'2024-04-05 11:44:01',	122),
(450,	NULL,	'https://admin.iconciergeeg.com/storage/details/services/2024-04-05/Chicha_Menu_(2)_1712317441.webp',	'Chicha_Menu_(2)_1712317441.webp',	'2024-04-05 11:44:01',	'2024-04-05 11:44:01',	122),
(451,	NULL,	'https://admin.iconciergeeg.com/storage/details/services/2024-04-05/Chicha_Menu_(3)_1712317441.webp',	'Chicha_Menu_(3)_1712317441.webp',	'2024-04-05 11:44:01',	'2024-04-05 11:44:01',	122),
(452,	NULL,	'https://admin.iconciergeeg.com/storage/details/services/2024-04-05/Chicha_Menu_(4)_1712317441.webp',	'Chicha_Menu_(4)_1712317441.webp',	'2024-04-05 11:44:01',	'2024-04-05 11:44:01',	122),
(453,	NULL,	'https://admin.iconciergeeg.com/storage/details/services/2024-04-05/Chicha_Menu_(5)_1712317441.webp',	'Chicha_Menu_(5)_1712317441.webp',	'2024-04-05 11:44:01',	'2024-04-05 11:44:01',	122),
(454,	NULL,	'https://admin.iconciergeeg.com/storage/details/services/2024-04-05/Chicha_Menu_(6)_1712317441.webp',	'Chicha_Menu_(6)_1712317441.webp',	'2024-04-05 11:44:01',	'2024-04-05 11:44:01',	122),
(455,	NULL,	'https://admin.iconciergeeg.com/storage/details/services/2024-04-05/Chicha_Menu_(7)_1712317441.webp',	'Chicha_Menu_(7)_1712317441.webp',	'2024-04-05 11:44:01',	'2024-04-05 11:44:01',	122),
(456,	NULL,	'https://admin.iconciergeeg.com/storage/details/services/2024-04-05/Chicha_Menu_(8)_1712317441.webp',	'Chicha_Menu_(8)_1712317441.webp',	'2024-04-05 11:44:01',	'2024-04-05 11:44:01',	122),
(457,	NULL,	'https://admin.iconciergeeg.com/storage/details/services/2024-04-05/Chicha_Menu_(9)_1712317441.webp',	'Chicha_Menu_(9)_1712317441.webp',	'2024-04-05 11:44:01',	'2024-04-05 11:44:01',	122),
(458,	NULL,	'https://admin.iconciergeeg.com/storage/details/services/2024-04-05/Chicha_Menu_(10)_1712317441.webp',	'Chicha_Menu_(10)_1712317441.webp',	'2024-04-05 11:44:01',	'2024-04-05 11:44:01',	122),
(459,	NULL,	'https://admin.iconciergeeg.com/storage/details/services/2024-04-05/Chicha_Menu_(11)_1712317441.webp',	'Chicha_Menu_(11)_1712317441.webp',	'2024-04-05 11:44:01',	'2024-04-05 11:44:01',	122),
(460,	NULL,	'https://admin.iconciergeeg.com/storage/details/services/2024-04-05/Chicha_Menu_(12)_1712317441.webp',	'Chicha_Menu_(12)_1712317441.webp',	'2024-04-05 11:44:01',	'2024-04-05 11:44:01',	122),
(461,	NULL,	'https://admin.iconciergeeg.com/storage/details/services/2024-04-05/Chicha_Menu_(13)_1712317441.webp',	'Chicha_Menu_(13)_1712317441.webp',	'2024-04-05 11:44:01',	'2024-04-05 11:44:01',	122),
(462,	NULL,	'https://admin.iconciergeeg.com/storage/details/services/2024-04-05/Chicha_Menu_(14)_1712317441.webp',	'Chicha_Menu_(14)_1712317441.webp',	'2024-04-05 11:44:01',	'2024-04-05 11:44:01',	122),
(463,	NULL,	'https://admin.iconciergeeg.com/storage/details/services/2024-04-05/Chicha_Menu_(15)_1712317441.webp',	'Chicha_Menu_(15)_1712317441.webp',	'2024-04-05 11:44:01',	'2024-04-05 11:44:01',	122),
(464,	NULL,	'https://admin.iconciergeeg.com/storage/details/services/2024-04-05/Chicha_Menu_(16)_1712317441.webp',	'Chicha_Menu_(16)_1712317441.webp',	'2024-04-05 11:44:01',	'2024-04-05 11:44:01',	122),
(465,	NULL,	'https://admin.iconciergeeg.com/storage/details/services/2024-04-05/Chicha_Menu_(17)_1712317441.webp',	'Chicha_Menu_(17)_1712317441.webp',	'2024-04-05 11:44:01',	'2024-04-05 11:44:01',	122),
(466,	NULL,	'https://admin.iconciergeeg.com/storage/details/services/2024-04-05/Chicha_Menu_(18)_1712317441.webp',	'Chicha_Menu_(18)_1712317441.webp',	'2024-04-05 11:44:01',	'2024-04-05 11:44:01',	122),
(467,	NULL,	'https://admin.iconciergeeg.com/storage/details/services/2024-04-05/Chicha_Menu_(19)_1712317441.webp',	'Chicha_Menu_(19)_1712317441.webp',	'2024-04-05 11:44:01',	'2024-04-05 11:44:01',	122),
(468,	NULL,	'https://admin.iconciergeeg.com/storage/details/services/2024-04-05/Chicha_Menu_(20)_1712317441.webp',	'Chicha_Menu_(20)_1712317441.webp',	'2024-04-05 11:44:01',	'2024-04-05 11:44:01',	122),
(470,	NULL,	'https://admin.iconciergeeg.com/storage/details/services/2024-04-05/Bongoyo_Menu_(2)_1712317980.webp',	'Bongoyo_Menu_(2)_1712317980.webp',	'2024-04-05 11:53:00',	'2024-04-05 11:53:00',	127),
(471,	NULL,	'https://admin.iconciergeeg.com/storage/details/services/2024-04-05/Bongoyo_Menu_(3)_1712317980.webp',	'Bongoyo_Menu_(3)_1712317980.webp',	'2024-04-05 11:53:00',	'2024-04-05 11:53:00',	127),
(472,	NULL,	'https://admin.iconciergeeg.com/storage/details/services/2024-04-05/Bongoyo_Menu_(4)_1712317980.webp',	'Bongoyo_Menu_(4)_1712317980.webp',	'2024-04-05 11:53:00',	'2024-04-05 11:53:00',	127),
(473,	NULL,	'https://admin.iconciergeeg.com/storage/details/services/2024-04-05/Bongoyo_Menu_(5)_1712317980.webp',	'Bongoyo_Menu_(5)_1712317980.webp',	'2024-04-05 11:53:00',	'2024-04-05 11:53:00',	127),
(474,	NULL,	'https://admin.iconciergeeg.com/storage/details/services/2024-04-05/Bongoyo_Menu_(6)_1712317980.webp',	'Bongoyo_Menu_(6)_1712317980.webp',	'2024-04-05 11:53:00',	'2024-04-05 11:53:00',	127),
(475,	NULL,	'https://admin.iconciergeeg.com/storage/details/services/2024-04-05/Bongoyo_Menu_(7)_1712317980.webp',	'Bongoyo_Menu_(7)_1712317980.webp',	'2024-04-05 11:53:00',	'2024-04-05 11:53:00',	127),
(476,	NULL,	'https://admin.iconciergeeg.com/storage/details/services/2024-04-05/Bongoyo_Menu_(8)_1712317980.webp',	'Bongoyo_Menu_(8)_1712317980.webp',	'2024-04-05 11:53:00',	'2024-04-05 11:53:00',	127),
(477,	NULL,	'https://admin.iconciergeeg.com/storage/details/services/2024-04-05/Bongoyo_Menu_(9)_1712317980.webp',	'Bongoyo_Menu_(9)_1712317980.webp',	'2024-04-05 11:53:00',	'2024-04-05 11:53:00',	127),
(478,	NULL,	'https://admin.iconciergeeg.com/storage/details/services/2024-04-05/Bongoyo_Menu_(10)_1712317980.webp',	'Bongoyo_Menu_(10)_1712317980.webp',	'2024-04-05 11:53:00',	'2024-04-05 11:53:00',	127),
(479,	NULL,	'https://admin.iconciergeeg.com/storage/details/services/2024-04-05/Bongoyo_Menu_(11)_1712317980.webp',	'Bongoyo_Menu_(11)_1712317980.webp',	'2024-04-05 11:53:00',	'2024-04-05 11:53:00',	127),
(480,	NULL,	'https://admin.iconciergeeg.com/storage/details/services/2024-04-05/Bongoyo_Menu_(12)_1712317980.webp',	'Bongoyo_Menu_(12)_1712317980.webp',	'2024-04-05 11:53:00',	'2024-04-05 11:53:00',	127),
(481,	NULL,	'https://admin.iconciergeeg.com/storage/details/services/2024-04-05/Bongoyo_Menu_(13)_1712317980.webp',	'Bongoyo_Menu_(13)_1712317980.webp',	'2024-04-05 11:53:00',	'2024-04-05 11:53:00',	127),
(482,	NULL,	'https://admin.iconciergeeg.com/storage/details/services/2024-04-05/Bongoyo_Menu_(14)_1712317980.webp',	'Bongoyo_Menu_(14)_1712317980.webp',	'2024-04-05 11:53:00',	'2024-04-05 11:53:00',	127),
(483,	53,	'https://admin.iconciergeeg.com/storage/services/2024-04-05/El_Bahr_1_1712318077.webp',	'El_Bahr_1_1712318077.webp',	'2024-04-05 11:54:37',	'2024-04-05 11:54:37',	NULL),
(484,	53,	'https://admin.iconciergeeg.com/storage/services/2024-04-05/El_Bahr_2_1712318077.webp',	'El_Bahr_2_1712318077.webp',	'2024-04-05 11:54:37',	'2024-04-05 11:54:37',	NULL),
(485,	53,	'https://admin.iconciergeeg.com/storage/services/2024-04-05/El_Bahr_1712318077.webp',	'El_Bahr_1712318077.webp',	'2024-04-05 11:54:37',	'2024-04-05 11:54:37',	NULL),
(486,	NULL,	'https://admin.iconciergeeg.com/storage/details/services/2024-04-05/ElBahr_(2)_1712318173.webp',	'ElBahr_(2)_1712318173.webp',	'2024-04-05 11:56:13',	'2024-04-05 11:56:13',	131),
(487,	NULL,	'https://admin.iconciergeeg.com/storage/details/services/2024-04-05/ElBahr_(3)_1712318173.webp',	'ElBahr_(3)_1712318173.webp',	'2024-04-05 11:56:13',	'2024-04-05 11:56:13',	131),
(488,	NULL,	'https://admin.iconciergeeg.com/storage/details/services/2024-04-05/ElBahr_(4)_1712318173.webp',	'ElBahr_(4)_1712318173.webp',	'2024-04-05 11:56:13',	'2024-04-05 11:56:13',	131),
(489,	NULL,	'https://admin.iconciergeeg.com/storage/details/services/2024-04-05/ElBahr_(5)_1712318173.webp',	'ElBahr_(5)_1712318173.webp',	'2024-04-05 11:56:13',	'2024-04-05 11:56:13',	131),
(490,	NULL,	'https://admin.iconciergeeg.com/storage/details/services/2024-04-05/ElBahr_(6)_1712318173.webp',	'ElBahr_(6)_1712318173.webp',	'2024-04-05 11:56:13',	'2024-04-05 11:56:13',	131),
(491,	NULL,	'https://admin.iconciergeeg.com/storage/details/services/2024-04-05/ElBahr_(7)_1712318173.webp',	'ElBahr_(7)_1712318173.webp',	'2024-04-05 11:56:13',	'2024-04-05 11:56:13',	131),
(492,	NULL,	'https://admin.iconciergeeg.com/storage/details/services/2024-04-05/ElBahr_(8)_1712318173.webp',	'ElBahr_(8)_1712318173.webp',	'2024-04-05 11:56:13',	'2024-04-05 11:56:13',	131),
(493,	NULL,	'https://admin.iconciergeeg.com/storage/details/services/2024-04-05/ElBahr_(9)_1712318173.webp',	'ElBahr_(9)_1712318173.webp',	'2024-04-05 11:56:13',	'2024-04-05 11:56:13',	131),
(494,	54,	'https://admin.iconciergeeg.com/storage/services/2024-04-05/Harumaki_1712318254.webp',	'Harumaki_1712318254.webp',	'2024-04-05 11:57:34',	'2024-04-05 11:57:34',	NULL),
(495,	54,	'https://admin.iconciergeeg.com/storage/services/2024-04-05/Harumaki1_1712318254.webp',	'Harumaki1_1712318254.webp',	'2024-04-05 11:57:34',	'2024-04-05 11:57:34',	NULL),
(496,	54,	'https://admin.iconciergeeg.com/storage/services/2024-04-05/Harumaki2_1712318254.webp',	'Harumaki2_1712318254.webp',	'2024-04-05 11:57:34',	'2024-04-05 11:57:34',	NULL),
(497,	55,	'https://admin.iconciergeeg.com/storage/services/2024-04-05/La_Plancha_1_1712318521.webp',	'La_Plancha_1_1712318521.webp',	'2024-04-05 12:02:01',	'2024-04-05 12:02:01',	NULL),
(498,	55,	'https://admin.iconciergeeg.com/storage/services/2024-04-05/La_Plancha_2_1712318521.webp',	'La_Plancha_2_1712318521.webp',	'2024-04-05 12:02:01',	'2024-04-05 12:02:01',	NULL),
(499,	55,	'https://admin.iconciergeeg.com/storage/services/2024-04-05/La_Plancha_1712318521.webp',	'La_Plancha_1712318521.webp',	'2024-04-05 12:02:01',	'2024-04-05 12:02:01',	NULL),
(500,	NULL,	'https://admin.iconciergeeg.com/storage/details/services/2024-04-05/La_Plancha_MENU_(1)_1712318787.webp',	'La_Plancha_MENU_(1)_1712318787.webp',	'2024-04-05 12:06:27',	'2024-04-05 12:06:27',	140),
(501,	NULL,	'https://admin.iconciergeeg.com/storage/details/services/2024-04-05/La_Plancha_MENU_(2)_1712318787.webp',	'La_Plancha_MENU_(2)_1712318787.webp',	'2024-04-05 12:06:27',	'2024-04-05 12:06:27',	140),
(502,	NULL,	'https://admin.iconciergeeg.com/storage/details/services/2024-04-05/La_Plancha_MENU_(3)_1712318787.webp',	'La_Plancha_MENU_(3)_1712318787.webp',	'2024-04-05 12:06:27',	'2024-04-05 12:06:27',	140),
(503,	NULL,	'https://admin.iconciergeeg.com/storage/details/services/2024-04-05/La_Plancha_MENU_(4)_1712318787.webp',	'La_Plancha_MENU_(4)_1712318787.webp',	'2024-04-05 12:06:27',	'2024-04-05 12:06:27',	140),
(504,	NULL,	'https://admin.iconciergeeg.com/storage/details/services/2024-04-05/La_Plancha_MENU_(5)_1712318787.webp',	'La_Plancha_MENU_(5)_1712318787.webp',	'2024-04-05 12:06:27',	'2024-04-05 12:06:27',	140),
(505,	NULL,	'https://admin.iconciergeeg.com/storage/details/services/2024-04-05/La_Plancha_MENU_(6)_1712318787.webp',	'La_Plancha_MENU_(6)_1712318787.webp',	'2024-04-05 12:06:27',	'2024-04-05 12:06:27',	140),
(506,	NULL,	'https://admin.iconciergeeg.com/storage/details/services/2024-04-05/La_Plancha_MENU_(7)_1712318787.webp',	'La_Plancha_MENU_(7)_1712318787.webp',	'2024-04-05 12:06:27',	'2024-04-05 12:06:27',	140),
(507,	NULL,	'https://admin.iconciergeeg.com/storage/details/services/2024-04-05/La_Plancha_MENU_(8)_1712318787.webp',	'La_Plancha_MENU_(8)_1712318787.webp',	'2024-04-05 12:06:27',	'2024-04-05 12:06:27',	140),
(508,	NULL,	'https://admin.iconciergeeg.com/storage/details/services/2024-04-05/La_Plancha_MENU_(9)_1712318787.webp',	'La_Plancha_MENU_(9)_1712318787.webp',	'2024-04-05 12:06:27',	'2024-04-05 12:06:27',	140),
(509,	NULL,	'https://admin.iconciergeeg.com/storage/details/services/2024-04-05/La_Plancha_MENU_(10)_1712318787.webp',	'La_Plancha_MENU_(10)_1712318787.webp',	'2024-04-05 12:06:27',	'2024-04-05 12:06:27',	140),
(510,	NULL,	'https://admin.iconciergeeg.com/storage/details/services/2024-04-05/La_Plancha_MENU_(11)_1712318787.webp',	'La_Plancha_MENU_(11)_1712318787.webp',	'2024-04-05 12:06:27',	'2024-04-05 12:06:27',	140),
(511,	NULL,	'https://admin.iconciergeeg.com/storage/details/services/2024-04-05/La_Plancha_MENU_(12)_1712318787.webp',	'La_Plancha_MENU_(12)_1712318787.webp',	'2024-04-05 12:06:27',	'2024-04-05 12:06:27',	140),
(512,	NULL,	'https://admin.iconciergeeg.com/storage/details/services/2024-04-05/La_Plancha_MENU_(13)_1712318787.webp',	'La_Plancha_MENU_(13)_1712318787.webp',	'2024-04-05 12:06:27',	'2024-04-05 12:06:27',	140),
(513,	NULL,	'https://admin.iconciergeeg.com/storage/details/services/2024-04-05/La_Plancha_MENU_(14)_1712318787.webp',	'La_Plancha_MENU_(14)_1712318787.webp',	'2024-04-05 12:06:27',	'2024-04-05 12:06:27',	140),
(514,	NULL,	'https://admin.iconciergeeg.com/storage/details/services/2024-04-05/La_Plancha_MENU_(15)_1712318787.webp',	'La_Plancha_MENU_(15)_1712318787.webp',	'2024-04-05 12:06:27',	'2024-04-05 12:06:27',	140),
(515,	NULL,	'https://admin.iconciergeeg.com/storage/details/services/2024-04-05/La_Plancha_MENU_(16)_1712318787.webp',	'La_Plancha_MENU_(16)_1712318787.webp',	'2024-04-05 12:06:27',	'2024-04-05 12:06:27',	140),
(516,	NULL,	'https://admin.iconciergeeg.com/storage/details/services/2024-04-05/La_Plancha_MENU_(17)_1712318787.webp',	'La_Plancha_MENU_(17)_1712318787.webp',	'2024-04-05 12:06:27',	'2024-04-05 12:06:27',	140),
(517,	NULL,	'https://admin.iconciergeeg.com/storage/details/services/2024-04-05/La_Plancha_MENU_(18)_1712318787.webp',	'La_Plancha_MENU_(18)_1712318787.webp',	'2024-04-05 12:06:27',	'2024-04-05 12:06:27',	140),
(518,	NULL,	'https://admin.iconciergeeg.com/storage/details/services/2024-04-05/La_Plancha_MENU_(19)_1712318787.webp',	'La_Plancha_MENU_(19)_1712318787.webp',	'2024-04-05 12:06:27',	'2024-04-05 12:06:27',	140),
(519,	NULL,	'https://admin.iconciergeeg.com/storage/details/services/2024-04-05/La_Plancha_MENU_(20)_1712318787.webp',	'La_Plancha_MENU_(20)_1712318787.webp',	'2024-04-05 12:06:27',	'2024-04-05 12:06:27',	140),
(520,	56,	'https://admin.iconciergeeg.com/storage/services/2024-04-05/Le_Restaurant_1712318905.webp',	'Le_Restaurant_1712318905.webp',	'2024-04-05 12:08:25',	'2024-04-05 12:08:25',	NULL),
(521,	56,	'https://admin.iconciergeeg.com/storage/services/2024-04-05/Le_Restaurant1_1712318905.webp',	'Le_Restaurant1_1712318905.webp',	'2024-04-05 12:08:25',	'2024-04-05 12:08:25',	NULL),
(522,	56,	'https://admin.iconciergeeg.com/storage/services/2024-04-05/Le_Restaurant2_1712318905.webp',	'Le_Restaurant2_1712318905.webp',	'2024-04-05 12:08:25',	'2024-04-05 12:08:25',	NULL),
(523,	56,	'https://admin.iconciergeeg.com/storage/services/2024-04-05/Le_Restaurant3_1712318905.webp',	'Le_Restaurant3_1712318905.webp',	'2024-04-05 12:08:25',	'2024-04-05 12:08:25',	NULL),
(524,	56,	'https://admin.iconciergeeg.com/storage/services/2024-04-05/Le_Restaurant4_1712318905.webp',	'Le_Restaurant4_1712318905.webp',	'2024-04-05 12:08:25',	'2024-04-05 12:08:25',	NULL),
(530,	NULL,	'https://admin.iconciergeeg.com/storage/details/services/2024-04-05/Steakhouse1_(1)_1712319184.webp',	'Steakhouse1_(1)_1712319184.webp',	'2024-04-05 12:13:04',	'2024-04-05 12:13:04',	150),
(531,	NULL,	'https://admin.iconciergeeg.com/storage/details/services/2024-04-05/Steakhouse1_(2)_1712319184.webp',	'Steakhouse1_(2)_1712319184.webp',	'2024-04-05 12:13:04',	'2024-04-05 12:13:04',	150),
(532,	NULL,	'https://admin.iconciergeeg.com/storage/details/services/2024-04-05/Steakhouse1_(3)_1712319184.webp',	'Steakhouse1_(3)_1712319184.webp',	'2024-04-05 12:13:04',	'2024-04-05 12:13:04',	150),
(533,	NULL,	'https://admin.iconciergeeg.com/storage/details/services/2024-04-05/Steakhouse1_(4)_1712319184.webp',	'Steakhouse1_(4)_1712319184.webp',	'2024-04-05 12:13:04',	'2024-04-05 12:13:04',	150),
(534,	NULL,	'https://admin.iconciergeeg.com/storage/details/services/2024-04-05/Steakhouse1_(5)_1712319184.webp',	'Steakhouse1_(5)_1712319184.webp',	'2024-04-05 12:13:04',	'2024-04-05 12:13:04',	150),
(535,	NULL,	'https://admin.iconciergeeg.com/storage/details/services/2024-04-05/Steakhouse1_(6)_1712319184.webp',	'Steakhouse1_(6)_1712319184.webp',	'2024-04-05 12:13:04',	'2024-04-05 12:13:04',	150),
(536,	NULL,	'https://admin.iconciergeeg.com/storage/details/services/2024-04-05/Steakhouse1_(7)_1712319184.webp',	'Steakhouse1_(7)_1712319184.webp',	'2024-04-05 12:13:04',	'2024-04-05 12:13:04',	150),
(537,	NULL,	'https://admin.iconciergeeg.com/storage/details/services/2024-04-05/Steakhouse1_(8)_1712319184.webp',	'Steakhouse1_(8)_1712319184.webp',	'2024-04-05 12:13:04',	'2024-04-05 12:13:04',	150),
(538,	58,	'https://admin.iconciergeeg.com/storage/services/2024-04-05/_Nihon5_1712319263.webp',	'_Nihon5_1712319263.webp',	'2024-04-05 12:14:23',	'2024-04-05 12:14:23',	NULL),
(539,	58,	'https://admin.iconciergeeg.com/storage/services/2024-04-05/Nihon_1712319263.webp',	'Nihon_1712319263.webp',	'2024-04-05 12:14:23',	'2024-04-05 12:14:23',	NULL),
(540,	58,	'https://admin.iconciergeeg.com/storage/services/2024-04-05/Nihon1_1712319263.webp',	'Nihon1_1712319263.webp',	'2024-04-05 12:14:23',	'2024-04-05 12:14:23',	NULL),
(541,	58,	'https://admin.iconciergeeg.com/storage/services/2024-04-05/Nihon2_1712319263.webp',	'Nihon2_1712319263.webp',	'2024-04-05 12:14:23',	'2024-04-05 12:14:23',	NULL),
(542,	58,	'https://admin.iconciergeeg.com/storage/services/2024-04-05/Nihon3_1712319263.webp',	'Nihon3_1712319263.webp',	'2024-04-05 12:14:23',	'2024-04-05 12:14:23',	NULL),
(543,	58,	'https://admin.iconciergeeg.com/storage/services/2024-04-05/Nihon4_1712319263.webp',	'Nihon4_1712319263.webp',	'2024-04-05 12:14:23',	'2024-04-05 12:14:23',	NULL),
(544,	NULL,	'https://admin.iconciergeeg.com/storage/details/services/2024-04-05/Nihon-Beverage_(1)_1712319415.webp',	'Nihon-Beverage_(1)_1712319415.webp',	'2024-04-05 12:16:55',	'2024-04-05 12:16:55',	155),
(545,	NULL,	'https://admin.iconciergeeg.com/storage/details/services/2024-04-05/Nihon-Beverage_(2)_1712319415.webp',	'Nihon-Beverage_(2)_1712319415.webp',	'2024-04-05 12:16:55',	'2024-04-05 12:16:55',	155),
(546,	NULL,	'https://admin.iconciergeeg.com/storage/details/services/2024-04-05/Nihon-Beverage_(3)_1712319415.webp',	'Nihon-Beverage_(3)_1712319415.webp',	'2024-04-05 12:16:55',	'2024-04-05 12:16:55',	155),
(547,	NULL,	'https://admin.iconciergeeg.com/storage/details/services/2024-04-05/Nihon-Beverage_(4)_1712319415.webp',	'Nihon-Beverage_(4)_1712319415.webp',	'2024-04-05 12:16:55',	'2024-04-05 12:16:55',	155),
(548,	NULL,	'https://admin.iconciergeeg.com/storage/details/services/2024-04-05/Nihon-Beverage_(5)_1712319415.webp',	'Nihon-Beverage_(5)_1712319415.webp',	'2024-04-05 12:16:55',	'2024-04-05 12:16:55',	155),
(549,	NULL,	'https://admin.iconciergeeg.com/storage/details/services/2024-04-05/Nihon-Beverage_(6)_1712319415.webp',	'Nihon-Beverage_(6)_1712319415.webp',	'2024-04-05 12:16:55',	'2024-04-05 12:16:55',	155),
(550,	NULL,	'https://admin.iconciergeeg.com/storage/details/services/2024-04-05/Nihon-Beverage_(7)_1712319415.webp',	'Nihon-Beverage_(7)_1712319415.webp',	'2024-04-05 12:16:55',	'2024-04-05 12:16:55',	155),
(551,	NULL,	'https://admin.iconciergeeg.com/storage/details/services/2024-04-05/Nihon-Beverage_(8)_1712319415.webp',	'Nihon-Beverage_(8)_1712319415.webp',	'2024-04-05 12:16:55',	'2024-04-05 12:16:55',	155),
(552,	NULL,	'https://admin.iconciergeeg.com/storage/details/services/2024-04-05/Nihon-Beverage_(9)_1712319415.webp',	'Nihon-Beverage_(9)_1712319415.webp',	'2024-04-05 12:16:55',	'2024-04-05 12:16:55',	155),
(553,	NULL,	'https://admin.iconciergeeg.com/storage/details/services/2024-04-05/Nihon-Beverage_(10)_1712319415.webp',	'Nihon-Beverage_(10)_1712319415.webp',	'2024-04-05 12:16:55',	'2024-04-05 12:16:55',	155),
(554,	NULL,	'https://admin.iconciergeeg.com/storage/details/services/2024-04-05/Nihon-Beverage_(11)_1712319415.webp',	'Nihon-Beverage_(11)_1712319415.webp',	'2024-04-05 12:16:55',	'2024-04-05 12:16:55',	155),
(555,	NULL,	'https://admin.iconciergeeg.com/storage/details/services/2024-04-05/Nihon-Beverage_(12)_1712319415.webp',	'Nihon-Beverage_(12)_1712319415.webp',	'2024-04-05 12:16:55',	'2024-04-05 12:16:55',	155),
(556,	NULL,	'https://admin.iconciergeeg.com/storage/details/services/2024-04-05/Nihon-Beverage_(13)_1712319415.webp',	'Nihon-Beverage_(13)_1712319415.webp',	'2024-04-05 12:16:55',	'2024-04-05 12:16:55',	155),
(557,	NULL,	'https://admin.iconciergeeg.com/storage/details/services/2024-04-05/Nihon-Beverage_(14)_1712319415.webp',	'Nihon-Beverage_(14)_1712319415.webp',	'2024-04-05 12:16:55',	'2024-04-05 12:16:55',	155),
(559,	NULL,	'https://admin.iconciergeeg.com/storage/details/services/2024-04-05/Menu_SottoSopra_2_1712319596.webp',	'Menu_SottoSopra_2_1712319596.webp',	'2024-04-05 12:19:56',	'2024-04-05 12:19:56',	158),
(560,	NULL,	'https://admin.iconciergeeg.com/storage/details/services/2024-04-05/Menu_SottoSopra_1712319596.webp',	'Menu_SottoSopra_1712319596.webp',	'2024-04-05 12:19:56',	'2024-04-05 12:19:56',	158),
(561,	60,	'https://admin.iconciergeeg.com/storage/services/2024-04-05/Tandoor_1712319688.webp',	'Tandoor_1712319688.webp',	'2024-04-05 12:21:28',	'2024-04-05 12:21:28',	NULL),
(562,	60,	'https://admin.iconciergeeg.com/storage/services/2024-04-05/Tandoor1_1712319688.webp',	'Tandoor1_1712319688.webp',	'2024-04-05 12:21:28',	'2024-04-05 12:21:28',	NULL),
(563,	60,	'https://admin.iconciergeeg.com/storage/services/2024-04-05/Tandoor2_1712319688.webp',	'Tandoor2_1712319688.webp',	'2024-04-05 12:21:28',	'2024-04-05 12:21:28',	NULL),
(564,	60,	'https://admin.iconciergeeg.com/storage/services/2024-04-05/Tandoor3_1712319688.webp',	'Tandoor3_1712319688.webp',	'2024-04-05 12:21:28',	'2024-04-05 12:21:28',	NULL),
(565,	60,	'https://admin.iconciergeeg.com/storage/services/2024-04-05/Tandoor4_1712319688.webp',	'Tandoor4_1712319688.webp',	'2024-04-05 12:21:28',	'2024-04-05 12:21:28',	NULL),
(566,	61,	'https://admin.iconciergeeg.com/storage/services/2024-04-05/Villa_Coconut_1_1712319844.webp',	'Villa_Coconut_1_1712319844.webp',	'2024-04-05 12:24:04',	'2024-04-05 12:24:04',	NULL),
(567,	61,	'https://admin.iconciergeeg.com/storage/services/2024-04-05/Villa_Coconut_2_1712319844.webp',	'Villa_Coconut_2_1712319844.webp',	'2024-04-05 12:24:04',	'2024-04-05 12:24:04',	NULL),
(568,	61,	'https://admin.iconciergeeg.com/storage/services/2024-04-05/Villa_Coconut_1712319844.webp',	'Villa_Coconut_1712319844.webp',	'2024-04-05 12:24:04',	'2024-04-05 12:24:04',	NULL),
(569,	NULL,	'https://admin.iconciergeeg.com/storage/details/services/2024-04-05/VC_Menu_(1)_1712320023.webp',	'VC_Menu_(1)_1712320023.webp',	'2024-04-05 12:27:03',	'2024-04-05 12:27:03',	166),
(570,	NULL,	'https://admin.iconciergeeg.com/storage/details/services/2024-04-05/VC_Menu_(2)_1712320023.webp',	'VC_Menu_(2)_1712320023.webp',	'2024-04-05 12:27:03',	'2024-04-05 12:27:03',	166),
(571,	NULL,	'https://admin.iconciergeeg.com/storage/details/services/2024-04-05/VC_Menu_(3)_1712320023.webp',	'VC_Menu_(3)_1712320023.webp',	'2024-04-05 12:27:03',	'2024-04-05 12:27:03',	166),
(572,	NULL,	'https://admin.iconciergeeg.com/storage/details/services/2024-04-05/VC_Menu_(4)_1712320023.webp',	'VC_Menu_(4)_1712320023.webp',	'2024-04-05 12:27:03',	'2024-04-05 12:27:03',	166),
(573,	NULL,	'https://admin.iconciergeeg.com/storage/details/services/2024-04-05/VC_Menu_(5)_1712320023.webp',	'VC_Menu_(5)_1712320023.webp',	'2024-04-05 12:27:03',	'2024-04-05 12:27:03',	166),
(574,	NULL,	'https://admin.iconciergeeg.com/storage/details/services/2024-04-05/VC_Menu_(6)_1712320023.webp',	'VC_Menu_(6)_1712320023.webp',	'2024-04-05 12:27:03',	'2024-04-05 12:27:03',	166),
(575,	NULL,	'https://admin.iconciergeeg.com/storage/details/services/2024-04-05/VC_Menu_(7)_1712320023.webp',	'VC_Menu_(7)_1712320023.webp',	'2024-04-05 12:27:03',	'2024-04-05 12:27:03',	166),
(576,	NULL,	'https://admin.iconciergeeg.com/storage/details/services/2024-04-05/VC_Menu_(8)_1712320023.webp',	'VC_Menu_(8)_1712320023.webp',	'2024-04-05 12:27:03',	'2024-04-05 12:27:03',	166),
(577,	NULL,	'https://admin.iconciergeeg.com/storage/details/services/2024-04-05/VC_Menu_(9)_1712320023.webp',	'VC_Menu_(9)_1712320023.webp',	'2024-04-05 12:27:03',	'2024-04-05 12:27:03',	166),
(578,	NULL,	'https://admin.iconciergeeg.com/storage/details/services/2024-04-05/VC_Menu_(10)_1712320023.webp',	'VC_Menu_(10)_1712320023.webp',	'2024-04-05 12:27:03',	'2024-04-05 12:27:03',	166),
(579,	NULL,	'https://admin.iconciergeeg.com/storage/details/services/2024-04-05/VC_Menu_(11)_1712320023.webp',	'VC_Menu_(11)_1712320023.webp',	'2024-04-05 12:27:03',	'2024-04-05 12:27:03',	166),
(580,	NULL,	'https://admin.iconciergeeg.com/storage/details/services/2024-04-05/VC_Menu_(12)_1712320023.webp',	'VC_Menu_(12)_1712320023.webp',	'2024-04-05 12:27:03',	'2024-04-05 12:27:03',	166),
(581,	NULL,	'https://admin.iconciergeeg.com/storage/details/services/2024-04-05/VC_Menu_(13)_1712320023.webp',	'VC_Menu_(13)_1712320023.webp',	'2024-04-05 12:27:03',	'2024-04-05 12:27:03',	166),
(582,	NULL,	'https://admin.iconciergeeg.com/storage/details/services/2024-04-05/VC_Menu_(14)_1712320023.webp',	'VC_Menu_(14)_1712320023.webp',	'2024-04-05 12:27:03',	'2024-04-05 12:27:03',	166),
(583,	NULL,	'https://admin.iconciergeeg.com/storage/details/services/2024-04-05/VC_Menu_(15)_1712320023.webp',	'VC_Menu_(15)_1712320023.webp',	'2024-04-05 12:27:03',	'2024-04-05 12:27:03',	166),
(584,	NULL,	'https://admin.iconciergeeg.com/storage/details/services/2024-04-05/VC_Menu_(16)_1712320023.webp',	'VC_Menu_(16)_1712320023.webp',	'2024-04-05 12:27:03',	'2024-04-05 12:27:03',	166),
(585,	NULL,	'https://admin.iconciergeeg.com/storage/details/services/2024-04-05/VC_Menu_(17)_1712320023.webp',	'VC_Menu_(17)_1712320023.webp',	'2024-04-05 12:27:03',	'2024-04-05 12:27:03',	166),
(586,	NULL,	'https://admin.iconciergeeg.com/storage/details/services/2024-04-05/VC_Menu_(18)_1712320023.webp',	'VC_Menu_(18)_1712320023.webp',	'2024-04-05 12:27:03',	'2024-04-05 12:27:03',	166),
(587,	NULL,	'https://admin.iconciergeeg.com/storage/details/services/2024-04-05/VC_Menu_(19)_1712320023.webp',	'VC_Menu_(19)_1712320023.webp',	'2024-04-05 12:27:03',	'2024-04-05 12:27:03',	166),
(588,	NULL,	'https://admin.iconciergeeg.com/storage/details/services/2024-04-05/VC_Menu_(20)_1712320023.webp',	'VC_Menu_(20)_1712320023.webp',	'2024-04-05 12:27:03',	'2024-04-05 12:27:03',	166),
(589,	21,	'https://admin.iconciergeeg.com/storage/services/2024-04-05/ZouniBeach_1712323000.webp',	'ZouniBeach_1712323000.webp',	'2024-04-05 13:16:40',	'2024-04-05 13:16:40',	NULL),
(590,	47,	'https://admin.iconciergeeg.com/storage/services/2024-04-05/Tawila_1712324117.webp',	'Tawila_1712324117.webp',	'2024-04-05 13:35:17',	'2024-04-05 13:35:17',	NULL),
(591,	47,	'https://admin.iconciergeeg.com/storage/services/2024-04-05/Tawila1_1712324117.webp',	'Tawila1_1712324117.webp',	'2024-04-05 13:35:17',	'2024-04-05 13:35:17',	NULL),
(592,	47,	'https://admin.iconciergeeg.com/storage/services/2024-04-05/Tawila2_1712324117.webp',	'Tawila2_1712324117.webp',	'2024-04-05 13:35:17',	'2024-04-05 13:35:17',	NULL),
(593,	47,	'https://admin.iconciergeeg.com/storage/services/2024-04-05/Tawilapool_1712324117.webp',	'Tawilapool_1712324117.webp',	'2024-04-05 13:35:17',	'2024-04-05 13:35:17',	NULL),
(594,	47,	'https://admin.iconciergeeg.com/storage/services/2024-04-05/Tawilapool2_1712324117.webp',	'Tawilapool2_1712324117.webp',	'2024-04-05 13:35:17',	'2024-04-05 13:35:17',	NULL),
(595,	47,	'https://admin.iconciergeeg.com/storage/services/2024-04-05/Tawila_1712324377.webp',	'Tawila_1712324377.webp',	'2024-04-05 13:39:37',	'2024-04-05 13:39:37',	NULL),
(599,	59,	'https://admin.iconciergeeg.com/storage/services/2024-04-05/SottoSopra_1712324895.webp',	'SottoSopra_1712324895.webp',	'2024-04-05 13:48:15',	'2024-04-05 13:48:15',	NULL),
(600,	57,	'https://admin.iconciergeeg.com/storage/services/2024-04-05/MarinaSteakhouse_1712326244.webp',	'MarinaSteakhouse_1712326244.webp',	'2024-04-05 14:10:44',	'2024-04-05 14:10:44',	NULL),
(601,	52,	'https://admin.iconciergeeg.com/storage/services/2024-04-05/bongoyo_1712326935.webp',	'bongoyo_1712326935.webp',	'2024-04-05 14:22:15',	'2024-04-05 14:22:15',	NULL),
(602,	52,	'https://admin.iconciergeeg.com/storage/services/2024-04-05/Bongoyo_1712327434.webp',	'Bongoyo_1712327434.webp',	'2024-04-05 14:30:34',	'2024-04-05 14:30:34',	NULL),
(603,	52,	'https://admin.iconciergeeg.com/storage/services/2024-04-05/Bongoyo1_1712327434.webp',	'Bongoyo1_1712327434.webp',	'2024-04-05 14:30:34',	'2024-04-05 14:30:34',	NULL),
(604,	52,	'https://admin.iconciergeeg.com/storage/services/2024-04-05/Bongoyo2_1712327434.webp',	'Bongoyo2_1712327434.webp',	'2024-04-05 14:30:34',	'2024-04-05 14:30:34',	NULL),
(605,	52,	'https://admin.iconciergeeg.com/storage/services/2024-04-05/Bongoyo3_1712327434.webp',	'Bongoyo3_1712327434.webp',	'2024-04-05 14:30:34',	'2024-04-05 14:30:34',	NULL),
(606,	52,	'https://admin.iconciergeeg.com/storage/services/2024-04-05/Bongoyo4_1712327434.webp',	'Bongoyo4_1712327434.webp',	'2024-04-05 14:30:34',	'2024-04-05 14:30:34',	NULL),
(607,	62,	'https://admin.iconciergeeg.com/storage/services/2024-04-05/SevenSpices_1712339434.webp',	'SevenSpices_1712339434.webp',	'2024-04-05 17:50:34',	'2024-04-05 17:50:34',	NULL),
(608,	62,	'https://admin.iconciergeeg.com/storage/services/2024-04-05/SevenSpices2_1712339434.webp',	'SevenSpices2_1712339434.webp',	'2024-04-05 17:50:34',	'2024-04-05 17:50:34',	NULL),
(609,	62,	'https://admin.iconciergeeg.com/storage/services/2024-04-05/SevenSpices3_1712339434.webp',	'SevenSpices3_1712339434.webp',	'2024-04-05 17:50:34',	'2024-04-05 17:50:34',	NULL),
(610,	62,	'https://admin.iconciergeeg.com/storage/services/2024-04-05/SevenSpices4_1712339434.webp',	'SevenSpices4_1712339434.webp',	'2024-04-05 17:50:34',	'2024-04-05 17:50:34',	NULL),
(611,	62,	'https://admin.iconciergeeg.com/storage/services/2024-04-05/SevenSpices5_1712339434.webp',	'SevenSpices5_1712339434.webp',	'2024-04-05 17:50:34',	'2024-04-05 17:50:34',	NULL),
(612,	62,	'https://admin.iconciergeeg.com/storage/services/2024-04-05/SevenSpices6_1712339434.webp',	'SevenSpices6_1712339434.webp',	'2024-04-05 17:50:34',	'2024-04-05 17:50:34',	NULL),
(613,	62,	'https://admin.iconciergeeg.com/storage/services/2024-04-05/SevenSpices7_1712339434.webp',	'SevenSpices7_1712339434.webp',	'2024-04-05 17:50:34',	'2024-04-05 17:50:34',	NULL),
(614,	63,	'https://admin.iconciergeeg.com/storage/services/2024-04-05/BOMBARDIERGLOBAL7500JET_1712340890.webp',	'BOMBARDIERGLOBAL7500JET_1712340890.webp',	'2024-04-05 18:14:50',	'2024-04-05 18:14:50',	NULL),
(622,	NULL,	'https://admin.iconciergeeg.com/storage/details/services/2024-04-05/ARABESQUE_Logo_(1)_1712358978.webp',	'ARABESQUE_Logo_(1)_1712358978.webp',	'2024-04-05 23:16:18',	'2024-04-05 23:16:18',	176),
(623,	NULL,	'https://admin.iconciergeeg.com/storage/details/services/2024-04-05/Villa_Coconut_1712359797.webp',	'Villa_Coconut_1712359797.webp',	'2024-04-05 23:29:57',	'2024-04-05 23:29:57',	177),
(626,	NULL,	'https://admin.iconciergeeg.com/storage/details/services/2024-04-07/BohoCafe_1712478991.png',	'BohoCafe_1712478991.png',	'2024-04-07 08:36:31',	'2024-04-07 08:36:31',	184),
(627,	NULL,	'https://admin.iconciergeeg.com/storage/details/services/2024-04-07/Bongoyo_(1)_1712479884.webp',	'Bongoyo_(1)_1712479884.webp',	'2024-04-07 08:51:24',	'2024-04-07 08:51:24',	185),
(628,	NULL,	'https://admin.iconciergeeg.com/storage/details/services/2024-04-07/ElBahrLogo_1712480452.webp',	'ElBahrLogo_1712480452.webp',	'2024-04-07 09:00:52',	'2024-04-07 09:00:52',	186),
(629,	NULL,	'https://admin.iconciergeeg.com/storage/details/services/2024-04-07/ChichaLogo_1712480907.webp',	'ChichaLogo_1712480907.webp',	'2024-04-07 09:08:27',	'2024-04-07 09:08:27',	187),
(631,	NULL,	'https://admin.iconciergeeg.com/storage/details/services/2024-04-07/merbey_1712481611.webp',	'merbey_1712481611.webp',	'2024-04-07 09:20:11',	'2024-04-07 09:20:11',	189),
(632,	NULL,	'https://admin.iconciergeeg.com/storage/details/services/2024-04-07/mer-bey-03_1712481810.webp',	'mer-bey-03_1712481810.webp',	'2024-04-07 09:23:30',	'2024-04-07 09:23:30',	190),
(633,	NULL,	'https://admin.iconciergeeg.com/storage/details/services/2024-04-07/mer-bey-04_1712481810.webp',	'mer-bey-04_1712481810.webp',	'2024-04-07 09:23:30',	'2024-04-07 09:23:30',	190),
(634,	NULL,	'https://admin.iconciergeeg.com/storage/details/services/2024-04-07/mer-bey-05_1712481810.webp',	'mer-bey-05_1712481810.webp',	'2024-04-07 09:23:30',	'2024-04-07 09:23:30',	190),
(635,	NULL,	'https://admin.iconciergeeg.com/storage/details/services/2024-04-07/mer-bey-06_1712481810.webp',	'mer-bey-06_1712481810.webp',	'2024-04-07 09:23:30',	'2024-04-07 09:23:30',	190),
(636,	NULL,	'https://admin.iconciergeeg.com/storage/details/services/2024-04-07/mer-bey-07_1712481810.webp',	'mer-bey-07_1712481810.webp',	'2024-04-07 09:23:30',	'2024-04-07 09:23:30',	190),
(637,	NULL,	'https://admin.iconciergeeg.com/storage/details/services/2024-04-07/mer-bey-08_1712481810.webp',	'mer-bey-08_1712481810.webp',	'2024-04-07 09:23:30',	'2024-04-07 09:23:30',	190),
(638,	NULL,	'https://admin.iconciergeeg.com/storage/details/services/2024-04-07/mer-bey-09_1712481810.webp',	'mer-bey-09_1712481810.webp',	'2024-04-07 09:23:30',	'2024-04-07 09:23:30',	190),
(639,	NULL,	'https://admin.iconciergeeg.com/storage/details/services/2024-04-07/mer-bey-10_1712481810.webp',	'mer-bey-10_1712481810.webp',	'2024-04-07 09:23:30',	'2024-04-07 09:23:30',	190),
(640,	NULL,	'https://admin.iconciergeeg.com/storage/details/services/2024-04-07/mer-bey-11_1712481810.webp',	'mer-bey-11_1712481810.webp',	'2024-04-07 09:23:30',	'2024-04-07 09:23:30',	190),
(641,	NULL,	'https://admin.iconciergeeg.com/storage/details/services/2024-04-07/mer-bey-12_1712481810.webp',	'mer-bey-12_1712481810.webp',	'2024-04-07 09:23:30',	'2024-04-07 09:23:30',	190),
(642,	NULL,	'https://admin.iconciergeeg.com/storage/details/services/2024-04-07/mer-bey-13_1712481810.webp',	'mer-bey-13_1712481810.webp',	'2024-04-07 09:23:30',	'2024-04-07 09:23:30',	190),
(643,	NULL,	'https://admin.iconciergeeg.com/storage/details/services/2024-04-07/mer-bey-14_1712481810.webp',	'mer-bey-14_1712481810.webp',	'2024-04-07 09:23:30',	'2024-04-07 09:23:30',	190),
(644,	NULL,	'https://admin.iconciergeeg.com/storage/details/services/2024-04-07/mer-bey-15_1712481810.webp',	'mer-bey-15_1712481810.webp',	'2024-04-07 09:23:30',	'2024-04-07 09:23:30',	190),
(645,	NULL,	'https://admin.iconciergeeg.com/storage/details/services/2024-04-07/mer-bey-16_1712481810.webp',	'mer-bey-16_1712481810.webp',	'2024-04-07 09:23:30',	'2024-04-07 09:23:30',	190),
(646,	NULL,	'https://admin.iconciergeeg.com/storage/details/services/2024-04-07/mer-bey-17_1712481810.webp',	'mer-bey-17_1712481810.webp',	'2024-04-07 09:23:30',	'2024-04-07 09:23:30',	190),
(647,	NULL,	'https://admin.iconciergeeg.com/storage/details/services/2024-04-07/mer-bey-18_1712481810.webp',	'mer-bey-18_1712481810.webp',	'2024-04-07 09:23:30',	'2024-04-07 09:23:30',	190),
(648,	NULL,	'https://admin.iconciergeeg.com/storage/details/services/2024-04-07/mer-bey-19_1712481810.webp',	'mer-bey-19_1712481810.webp',	'2024-04-07 09:23:30',	'2024-04-07 09:23:30',	190),
(649,	NULL,	'https://admin.iconciergeeg.com/storage/details/services/2024-04-07/mer-bey-20_1712481810.webp',	'mer-bey-20_1712481810.webp',	'2024-04-07 09:23:30',	'2024-04-07 09:23:30',	190),
(650,	NULL,	'https://admin.iconciergeeg.com/storage/details/services/2024-04-07/mer-bey-21_1712481810.webp',	'mer-bey-21_1712481810.webp',	'2024-04-07 09:23:30',	'2024-04-07 09:23:30',	190),
(651,	NULL,	'https://admin.iconciergeeg.com/storage/details/services/2024-04-07/mer-bey-22_1712481810.webp',	'mer-bey-22_1712481810.webp',	'2024-04-07 09:23:30',	'2024-04-07 09:23:30',	190),
(652,	NULL,	'https://admin.iconciergeeg.com/storage/details/services/2024-04-07/nihonlogo_1712491981.png',	'nihonlogo_1712491981.png',	'2024-04-07 12:13:01',	'2024-04-07 12:13:01',	191),
(653,	NULL,	'https://admin.iconciergeeg.com/storage/details/services/2024-04-07/Sottosopralogo_1712492370.webp',	'Sottosopralogo_1712492370.webp',	'2024-04-07 12:19:30',	'2024-04-07 12:19:30',	192),
(654,	NULL,	'https://admin.iconciergeeg.com/storage/details/services/2024-04-07/Steakhouse_Logo_1712492548.webp',	'Steakhouse_Logo_1712492548.webp',	'2024-04-07 12:22:28',	'2024-04-07 12:22:28',	193),
(669,	NULL,	'https://admin.iconciergeeg.com/storage/details/services/2024-04-07/Steakhouse1_1712512890.webp',	'Steakhouse1_1712512890.webp',	'2024-04-07 18:01:30',	'2024-04-07 18:01:30',	211),
(670,	NULL,	'https://admin.iconciergeeg.com/storage/details/services/2024-04-07/Steakhouse2_1712512890.webp',	'Steakhouse2_1712512890.webp',	'2024-04-07 18:01:30',	'2024-04-07 18:01:30',	211),
(671,	NULL,	'https://admin.iconciergeeg.com/storage/details/services/2024-04-07/Steakhouse3_1712512890.webp',	'Steakhouse3_1712512890.webp',	'2024-04-07 18:01:30',	'2024-04-07 18:01:30',	211),
(672,	NULL,	'https://admin.iconciergeeg.com/storage/details/services/2024-04-07/Steakhouse4_1712512890.webp',	'Steakhouse4_1712512890.webp',	'2024-04-07 18:01:30',	'2024-04-07 18:01:30',	211),
(673,	NULL,	'https://admin.iconciergeeg.com/storage/details/services/2024-04-07/Steakhouse5_1712512890.webp',	'Steakhouse5_1712512890.webp',	'2024-04-07 18:01:30',	'2024-04-07 18:01:30',	211),
(674,	NULL,	'https://admin.iconciergeeg.com/storage/details/services/2024-04-07/Steakhouse6_1712512890.webp',	'Steakhouse6_1712512890.webp',	'2024-04-07 18:01:30',	'2024-04-07 18:01:30',	211),
(675,	NULL,	'https://admin.iconciergeeg.com/storage/details/services/2024-04-07/Steakhouse7_1712512890.webp',	'Steakhouse7_1712512890.webp',	'2024-04-07 18:01:30',	'2024-04-07 18:01:30',	211),
(676,	NULL,	'https://admin.iconciergeeg.com/storage/details/services/2024-04-07/Steakhouse8_1712512890.webp',	'Steakhouse8_1712512890.webp',	'2024-04-07 18:01:30',	'2024-04-07 18:01:30',	211),
(677,	65,	'https://admin.iconciergeeg.com/storage/services/2024-04-08/PrivateChef_1712539563.webp',	'PrivateChef_1712539563.webp',	'2024-04-08 01:26:03',	'2024-04-08 01:26:03',	NULL),
(678,	66,	'https://admin.iconciergeeg.com/storage/services/2024-04-08/photographer_1712539595.webp',	'photographer_1712539595.webp',	'2024-04-08 01:26:35',	'2024-04-08 01:26:35',	NULL),
(679,	67,	'https://admin.iconciergeeg.com/storage/services/2024-04-08/babysitter_1712539620.webp',	'babysitter_1712539620.webp',	'2024-04-08 01:27:00',	'2024-04-08 01:27:00',	NULL),
(680,	68,	'https://admin.iconciergeeg.com/storage/services/2024-04-08/Personal-shopping-stylist_1712539644.webp',	'Personal-shopping-stylist_1712539644.webp',	'2024-04-08 01:27:24',	'2024-04-08 01:27:24',	NULL),
(681,	69,	'https://admin.iconciergeeg.com/storage/services/2024-04-08/personal-trainer_1712539690.webp',	'personal-trainer_1712539690.webp',	'2024-04-08 01:28:10',	'2024-04-08 01:28:10',	NULL),
(682,	70,	'https://admin.iconciergeeg.com/storage/services/2024-04-08/privat_yogainstructor_1712539711.webp',	'privat_yogainstructor_1712539711.webp',	'2024-04-08 01:28:31',	'2024-04-08 01:28:31',	NULL),
(683,	71,	'https://admin.iconciergeeg.com/storage/services/2024-04-08/Makeupartist_1712539747.webp',	'Makeupartist_1712539747.webp',	'2024-04-08 01:29:07',	'2024-04-08 01:29:07',	NULL),
(684,	72,	'https://admin.iconciergeeg.com/storage/services/2024-04-08/bartender_1712539811.webp',	'bartender_1712539811.webp',	'2024-04-08 01:30:11',	'2024-04-08 01:30:11',	NULL),
(685,	73,	'https://admin.iconciergeeg.com/storage/services/2024-04-08/dj_1712539839.webp',	'dj_1712539839.webp',	'2024-04-08 01:30:39',	'2024-04-08 01:30:39',	NULL),
(686,	74,	'https://admin.iconciergeeg.com/storage/services/2024-04-08/divinginstructor_1712539875.webp',	'divinginstructor_1712539875.webp',	'2024-04-08 01:31:15',	'2024-04-08 01:31:15',	NULL),
(687,	75,	'https://admin.iconciergeeg.com/storage/services/2024-04-08/Event_planner_1712539910.webp',	'Event_planner_1712539910.webp',	'2024-04-08 01:31:50',	'2024-04-08 01:31:50',	NULL),
(688,	76,	'https://admin.iconciergeeg.com/storage/services/2024-04-08/entertainers_1712539931.webp',	'entertainers_1712539931.webp',	'2024-04-08 01:32:11',	'2024-04-08 01:32:11',	NULL),
(689,	NULL,	'https://admin.iconciergeeg.com/storage/details/services/2024-04-08/Logo_smokery_1712540134.webp',	'Logo_smokery_1712540134.webp',	'2024-04-08 01:35:34',	'2024-04-08 01:35:34',	215),
(690,	77,	'https://admin.iconciergeeg.com/storage/services/2024-04-08/pet_care_1712540234.jpg',	'pet_care_1712540234.jpg',	'2024-04-08 01:37:14',	'2024-04-08 01:37:14',	NULL),
(691,	78,	'https://admin.iconciergeeg.com/storage/services/2024-04-08/Bombardier6000_1712573277.webp',	'Bombardier6000_1712573277.webp',	'2024-04-08 10:47:57',	'2024-04-08 10:47:57',	NULL),
(692,	79,	'https://admin.iconciergeeg.com/storage/services/2024-04-08/ZELINAirplane_1712573738.webp',	'ZELINAirplane_1712573738.webp',	'2024-04-08 10:55:38',	'2024-04-08 10:55:38',	NULL);

DROP TABLE IF EXISTS `inqiries`;
CREATE TABLE `inqiries` (
  `id` bigint(20) unsigned NOT NULL AUTO_INCREMENT,
  `user_id` bigint(20) unsigned DEFAULT NULL,
  `service_id` varchar(255) DEFAULT NULL,
  `date_from` datetime DEFAULT NULL,
  `date_to` datetime DEFAULT NULL,
  `status` enum('activated','not_activated') DEFAULT NULL,
  `contact_method` varchar(255) DEFAULT NULL,
  `created_at` timestamp NULL DEFAULT NULL,
  `updated_at` timestamp NULL DEFAULT NULL,
  `name` varchar(255) CHARACTER SET utf8 COLLATE utf8_general_ci DEFAULT NULL,
  `email` varchar(255) CHARACTER SET utf8 COLLATE utf8_general_ci DEFAULT NULL,
  `phone` varchar(255) CHARACTER SET utf8 COLLATE utf8_general_ci DEFAULT NULL,
  `interseted_services` varchar(255) CHARACTER SET utf8 COLLATE utf8_general_ci DEFAULT NULL,
  `spetail_request` text CHARACTER SET utf8 COLLATE utf8_general_ci DEFAULT NULL,
  PRIMARY KEY (`id`),
  KEY `inqiries_user_id_foreign` (`user_id`),
  KEY `inqiries_service_id_foreign` (`service_id`),
  CONSTRAINT `inqiries_user_id_foreign` FOREIGN KEY (`user_id`) REFERENCES `users` (`id`) ON DELETE CASCADE
) ENGINE=InnoDB DEFAULT CHARSET=utf8mb4 COLLATE=utf8mb4_unicode_ci;

INSERT INTO `inqiries` (`id`, `user_id`, `service_id`, `date_from`, `date_to`, `status`, `contact_method`, `created_at`, `updated_at`, `name`, `email`, `phone`, `interseted_services`, `spetail_request`) VALUES
(25,	NULL,	'1',	'2024-03-29 21:21:59',	'2024-04-29 21:21:59',	NULL,	'phone_call',	'2024-04-07 21:20:09',	'2024-04-07 21:20:09',	'ahmed',	'a@a.com',	'01066343874',	'1,2,3,4',	'text');

DROP TABLE IF EXISTS `messages`;
CREATE TABLE `messages` (
  `id` bigint(20) unsigned NOT NULL AUTO_INCREMENT,
  `inqiry_id` bigint(20) unsigned NOT NULL,
  `content` text DEFAULT NULL,
  `image` text DEFAULT NULL,
  `record` text DEFAULT NULL,
  `created_at` timestamp NULL DEFAULT NULL,
  `updated_at` timestamp NULL DEFAULT NULL,
  PRIMARY KEY (`id`),
  KEY `messages_inqiry_id_foreign` (`inqiry_id`),
  CONSTRAINT `messages_inqiry_id_foreign` FOREIGN KEY (`inqiry_id`) REFERENCES `inqiries` (`id`) ON DELETE CASCADE
) ENGINE=InnoDB DEFAULT CHARSET=utf8mb4 COLLATE=utf8mb4_unicode_ci;


DROP TABLE IF EXISTS `migrations`;
CREATE TABLE `migrations` (
  `id` int(10) unsigned NOT NULL AUTO_INCREMENT,
  `migration` varchar(255) NOT NULL,
  `batch` int(11) NOT NULL,
  PRIMARY KEY (`id`)
) ENGINE=InnoDB DEFAULT CHARSET=utf8mb4 COLLATE=utf8mb4_unicode_ci;

INSERT INTO `migrations` (`id`, `migration`, `batch`) VALUES
(1,	'2014_10_12_000000_create_users_table',	1),
(2,	'2019_12_14_000001_create_personal_access_tokens_table',	1),
(3,	'2024_03_20_172445_create_admins_table',	1),
(4,	'2024_03_20_172659_create_subscriptions_table',	1),
(5,	'2024_03_20_172720_create_categories_table',	1),
(6,	'2024_03_20_172739_create_services_table',	1),
(7,	'2024_03_20_172754_create_images_table',	1),
(8,	'2024_03_20_172817_create_service_details_table',	1),
(9,	'2024_03_20_172856_create_rates_table',	1),
(10,	'2024_03_20_172918_create_inqiries_table',	1),
(11,	'2024_03_20_172940_create_bookings_table',	1),
(12,	'2024_03_20_173012_create_payments_table',	1),
(13,	'2024_03_20_173044_create_favourites_table',	1),
(14,	'2024_03_20_173112_create_promo_codes_table',	1),
(15,	'2024_03_20_173133_create_settings_table',	1),
(16,	'2024_03_20_191640_create_articles_table',	1),
(17,	'2024_03_20_191833_create_article_details_table',	1),
(18,	'2024_03_25_200226_create_reviews_table',	1),
(19,	'2024_03_26_122052_create_faqs_table',	1),
(20,	'2024_03_29_150843_create_messages_table',	1);

DROP TABLE IF EXISTS `notifications`;
CREATE TABLE `notifications` (
  `id` bigint(20) unsigned NOT NULL AUTO_INCREMENT,
  `user_id` bigint(20) unsigned NOT NULL,
  `type` enum('comment','like','order') NOT NULL,
  `content` text NOT NULL,
  `model` varchar(191) NOT NULL,
  `model_id` bigint(20) NOT NULL,
  `read_at` datetime DEFAULT NULL,
  `created_at` timestamp NULL DEFAULT NULL,
  `updated_at` timestamp NULL DEFAULT NULL,
  PRIMARY KEY (`id`),
  KEY `notifications_user_id_index` (`user_id`),
  KEY `notifications_type_index` (`type`),
  CONSTRAINT `notifications_user_id_foreign` FOREIGN KEY (`user_id`) REFERENCES `users` (`id`) ON DELETE CASCADE ON UPDATE CASCADE
) ENGINE=InnoDB DEFAULT CHARSET=utf8mb4 COLLATE=utf8mb4_unicode_ci;

INSERT INTO `notifications` (`id`, `user_id`, `type`, `content`, `model`, `model_id`, `read_at`, `created_at`, `updated_at`) VALUES
(20,	2,	'order',	'book',	'Service',	1,	'2024-04-01 21:35:25',	'2024-04-01 14:08:59',	'2024-04-01 21:35:25'),
(21,	2,	'order',	'book',	'Service',	1,	NULL,	'2024-04-01 14:08:59',	'2024-04-01 14:08:59');

DROP TABLE IF EXISTS `payments`;
CREATE TABLE `payments` (
  `id` bigint(20) unsigned NOT NULL AUTO_INCREMENT,
  `invoice_id` varchar(255) DEFAULT NULL,
  `invoice_status` varchar(255) DEFAULT NULL,
  `invoice_reference` varchar(255) DEFAULT NULL,
  `created_date` varchar(255) DEFAULT NULL,
  `comments` text DEFAULT NULL,
  `payment_gateway` varchar(255) DEFAULT NULL,
  `invoice_display_value` varchar(255) DEFAULT NULL,
  `transaction_id` varchar(255) DEFAULT NULL,
  `transaction_status` varchar(255) DEFAULT NULL,
  `paid_currency` varchar(255) DEFAULT NULL,
  `paid_currency_value` varchar(255) DEFAULT NULL,
  `card_number` varchar(255) DEFAULT NULL,
  `is_success` varchar(255) DEFAULT NULL,
  `operation` varchar(255) DEFAULT NULL,
  `user_id` bigint(20) unsigned NOT NULL,
  `subscription_id` bigint(20) unsigned NOT NULL,
  `booking_id` bigint(20) unsigned NOT NULL,
  `created_at` timestamp NULL DEFAULT NULL,
  `updated_at` timestamp NULL DEFAULT NULL,
  PRIMARY KEY (`id`),
  KEY `payments_user_id_foreign` (`user_id`),
  KEY `payments_subscription_id_foreign` (`subscription_id`),
  KEY `payments_booking_id_foreign` (`booking_id`),
  CONSTRAINT `payments_booking_id_foreign` FOREIGN KEY (`booking_id`) REFERENCES `bookings` (`id`) ON DELETE CASCADE,
  CONSTRAINT `payments_subscription_id_foreign` FOREIGN KEY (`subscription_id`) REFERENCES `subscriptions` (`id`) ON DELETE CASCADE,
  CONSTRAINT `payments_user_id_foreign` FOREIGN KEY (`user_id`) REFERENCES `users` (`id`) ON DELETE CASCADE
) ENGINE=InnoDB DEFAULT CHARSET=utf8mb4 COLLATE=utf8mb4_unicode_ci;


DROP TABLE IF EXISTS `personal_access_tokens`;
CREATE TABLE `personal_access_tokens` (
  `id` bigint(20) unsigned NOT NULL AUTO_INCREMENT,
  `tokenable_type` varchar(255) NOT NULL,
  `tokenable_id` bigint(20) unsigned NOT NULL,
  `name` varchar(255) NOT NULL,
  `token` varchar(64) NOT NULL,
  `abilities` text DEFAULT NULL,
  `last_used_at` timestamp NULL DEFAULT NULL,
  `created_at` timestamp NULL DEFAULT NULL,
  `updated_at` timestamp NULL DEFAULT NULL,
  PRIMARY KEY (`id`),
  UNIQUE KEY `personal_access_tokens_token_unique` (`token`),
  KEY `personal_access_tokens_tokenable_type_tokenable_id_index` (`tokenable_type`,`tokenable_id`)
) ENGINE=InnoDB DEFAULT CHARSET=utf8mb4 COLLATE=utf8mb4_unicode_ci;


DROP TABLE IF EXISTS `promo_codes`;
CREATE TABLE `promo_codes` (
  `id` bigint(20) unsigned NOT NULL AUTO_INCREMENT,
  `code` varchar(255) NOT NULL,
  `percentage` int(11) NOT NULL,
  `quantity` int(11) NOT NULL,
  `end_at` date NOT NULL,
  `created_at` timestamp NULL DEFAULT NULL,
  `updated_at` timestamp NULL DEFAULT NULL,
  PRIMARY KEY (`id`)
) ENGINE=InnoDB DEFAULT CHARSET=utf8mb4 COLLATE=utf8mb4_unicode_ci;


DROP TABLE IF EXISTS `rates`;
CREATE TABLE `rates` (
  `id` bigint(20) unsigned NOT NULL AUTO_INCREMENT,
  `user_id` bigint(20) unsigned NOT NULL,
  `service_id` bigint(20) unsigned NOT NULL,
  `rate` smallint(6) NOT NULL,
  `created_at` timestamp NULL DEFAULT NULL,
  `updated_at` timestamp NULL DEFAULT NULL,
  PRIMARY KEY (`id`),
  KEY `rates_user_id_foreign` (`user_id`),
  KEY `rates_service_id_foreign` (`service_id`),
  CONSTRAINT `rates_service_id_foreign` FOREIGN KEY (`service_id`) REFERENCES `services` (`id`) ON DELETE CASCADE,
  CONSTRAINT `rates_user_id_foreign` FOREIGN KEY (`user_id`) REFERENCES `users` (`id`) ON DELETE CASCADE
) ENGINE=InnoDB DEFAULT CHARSET=utf8mb4 COLLATE=utf8mb4_unicode_ci;


DROP TABLE IF EXISTS `reviews`;
CREATE TABLE `reviews` (
  `id` bigint(20) unsigned NOT NULL AUTO_INCREMENT,
  `title` varchar(255) NOT NULL,
  `description` text NOT NULL,
  `image` varchar(255) DEFAULT NULL,
  `created_at` timestamp NULL DEFAULT NULL,
  `updated_at` timestamp NULL DEFAULT NULL,
  PRIMARY KEY (`id`)
) ENGINE=InnoDB DEFAULT CHARSET=utf8mb4 COLLATE=utf8mb4_unicode_ci;

INSERT INTO `reviews` (`id`, `title`, `description`, `image`, `created_at`, `updated_at`) VALUES
(1,	'review 1',	'review 1 review 1 review 1 review 1',	'https://admin.iconciergeeg.com/web_files/images/about.png',	'2024-03-27 21:55:05',	'2024-03-27 21:55:05'),
(2,	'review 2',	'review 2 review 2 review 2',	'https://admin.iconciergeeg.com/web_files/images/about.png',	'2024-03-27 21:55:05',	'2024-03-27 21:55:05'),
(3,	'review 3',	'review 3 review 3 review 3 review 3',	'https://admin.iconciergeeg.com/web_files/images/about.png',	'2024-03-27 21:55:05',	'2024-03-27 21:55:05');

DROP TABLE IF EXISTS `services`;
CREATE TABLE `services` (
  `id` bigint(20) unsigned NOT NULL AUTO_INCREMENT,
  `user_id` bigint(20) unsigned NOT NULL,
  `category_id` bigint(20) unsigned NOT NULL,
  `title` varchar(255) NOT NULL,
  `description` text DEFAULT NULL,
  `location` varchar(255) DEFAULT NULL,
  `map` text DEFAULT NULL,
  `created_at` timestamp NULL DEFAULT NULL,
  `updated_at` timestamp NULL DEFAULT NULL,
  `popular` tinyint(4) NOT NULL DEFAULT 0,
  `price` float DEFAULT NULL,
  PRIMARY KEY (`id`),
  KEY `services_user_id_foreign` (`user_id`),
  KEY `services_category_id_foreign` (`category_id`),
  CONSTRAINT `services_category_id_foreign` FOREIGN KEY (`category_id`) REFERENCES `categories` (`id`) ON DELETE CASCADE,
  CONSTRAINT `services_user_id_foreign` FOREIGN KEY (`user_id`) REFERENCES `users` (`id`) ON DELETE CASCADE
) ENGINE=InnoDB DEFAULT CHARSET=utf8mb4 COLLATE=utf8mb4_unicode_ci;

INSERT INTO `services` (`id`, `user_id`, `category_id`, `title`, `description`, `location`, `map`, `created_at`, `updated_at`, `popular`, `price`) VALUES
(17,	1,	1,	'The Smokery',	'Immerse yourself in an exceptional atmosphere with a breathtaking view of the Red Sea and the New Marina. As high season arrives, the venue transforms into a vibrant nightspot. The resident DJ spins the decks, creating an unforgettable ambiance for your waterfront dining experience.',	NULL,	NULL,	'2024-04-04 11:10:39',	'2024-04-05 02:33:42',	0,	NULL),
(18,	1,	3,	'Travel - Cairo',	'From El Gouna to Cairo, solo or with friends, iConcierge offers you personalized 1 to 2-day trips. Immerse yourself in history with a private guide, visiting one of the 7 wonders of the ancient world: the Pyramids of Giza. Your adventure will continue at the Egyptian Museum, where you will be exploring the ancient Egyptian civilization. This trip won’t be complete without visiting the vibrant Khan El Khalili, the largest bazaar in the Arab world.',	NULL,	NULL,	'2024-04-04 12:12:20',	'2024-04-04 12:12:20',	0,	NULL),
(19,	1,	3,	'Travel - Luxor',	'Explore Luxor\'s wonders on a 1 or 2-day trip from El Gouna! Witness the towering Colossi of Memnon, explore the magnificent Karnak Temple, and descend into the tombs of pharaohs in the Valley of the Kings (or Queens). Top it off with Hatshepsut Temple, a wonder carved into cliffs.',	NULL,	NULL,	'2024-04-04 12:15:30',	'2024-04-06 17:53:59',	1,	NULL),
(20,	1,	1,	'Mer Bey',	'Travel back to Beirut\'s past through delicious Lebanese cuisine at Mer Bey, El Gouna\'s fine dining restaurant and lounge bar. It’s the perfect place for you to share an authentic experience with family, friends, or colleagues while enjoying the breathtaking Marina.',	NULL,	'Open location in maps',	'2024-04-04 12:27:39',	'2024-04-04 12:27:39',	0,	NULL),
(21,	1,	1,	'Zouni Beach',	'This family-friendly beach offers fun activities for kids, delicious food, and unforgettable weekend sunset sessions. Their menu caters to the whole family, so you can relax and enjoy refreshing salads, juicy burgers, or lighter options. Your second home by the sea is at Mangroovy Residence.',	NULL,	NULL,	'2024-04-04 12:32:11',	'2024-04-04 12:32:11',	0,	NULL),
(22,	1,	1,	'Barten',	'Specializing in Japanese cuisine, Barten is dedicated to creating culinary masterpieces, and only the most talented chefs are entrusted with crafting Barten\'s exquisite dishes. Choose to dine indoors, bathed in the cool glow of modern design, or take in the vibrant energy of the El Gouna Marina with al fresco seating.',	NULL,	NULL,	'2024-04-04 12:36:27',	'2024-04-04 12:36:27',	0,	NULL),
(23,	1,	1,	'Chicha',	'Chicha has been a culinary force in El Gouna since its debut in 2019. It\'s become a top destination, renowned for its vibrant atmosphere and delicious Latin cuisine, making it a great choice for a fun and flavorful evening.',	NULL,	NULL,	'2024-04-04 12:41:45',	'2024-04-04 12:41:45',	0,	NULL),
(24,	1,	8,	'Steigenberger Hotel Spa',	'Immerse yourself in the tranquil ambiance, surrounded by calming music and oriental vibes. Steigenberger Hotel Spa offers a comprehensive menu of rejuvenating treatments, including a variety of massages, revitalizing spa rituals, and traditional refreshing Hammam. Whether you seek deep relaxation or targeted muscle relief, we promise you an experience that nourishes both body and mind.',	NULL,	NULL,	'2024-04-04 12:50:32',	'2024-04-04 12:50:32',	0,	NULL),
(25,	1,	8,	'Casa Cook Hotel Spa',	'Embrace a holistic approach to wellness at the Casa Cook Hotel Spa in El Gouna. They offer a menu of refreshing treatments, including a variety of massage therapies, facials, body treatments, and traditional hammam experiences. Whether you crave deep muscle relief or a revitalizing glow, this place offers a personalized path to full relaxation.',	NULL,	NULL,	'2024-04-04 13:01:08',	'2024-04-04 13:01:08',	0,	NULL),
(26,	1,	8,	'Lagoon Spa',	'It’s time for you to unwind and rejuvenate at El Gouna\'s Lagoon Spa offering a set of pampering treatments designed to melt away stress and restore balance.  Indulge in a classic massage or embark on a revitalizing spa program featuring traditional hammam rituals, invigorating body scrubs, and the soothing embrace of the jacuzzi.',	NULL,	NULL,	'2024-04-04 13:05:45',	'2024-04-06 17:54:48',	1,	NULL),
(27,	1,	8,	'The Spa',	'This serene place combines ancient Asian wisdom with modern luxury, offering a transformative spa journey beyond indulgence.  Their expert team, using organic ingredients, crafts bespoke experiences designed to awaken your senses with Asia\'s time-tested traditions, encompassing massages, body rituals, and facial treatments.',	NULL,	NULL,	'2024-04-04 13:08:58',	'2024-04-04 13:08:58',	0,	NULL),
(28,	1,	8,	'Prima Salon',	'Pamper yourself at Prima Salon, El Gouna\'s unisex one-stop shop to all your beauty needs. They offer haircuts, treatments, manicures & pedicures (gel polish too!), ink tattoos, hair extensions, hair removal, microblading, and even dreadlocks. Look & feel your best – all under one roof!',	NULL,	NULL,	'2024-04-04 13:21:51',	'2024-04-04 13:21:51',	0,	NULL),
(29,	1,	17,	'ElGouna Golf Club',	NULL,	NULL,	NULL,	'2024-04-04 13:31:31',	'2024-04-07 17:22:11',	1,	NULL),
(30,	1,	17,	'Ancient Sands Golf Club',	NULL,	NULL,	NULL,	'2024-04-04 13:33:06',	'2024-04-07 17:22:04',	0,	NULL),
(31,	1,	17,	'Padel Tennis',	'Padel is the ultimate blend of action, fun, and social connection. This exciting sport, played on a court with walls, is perfect for all ages and skill levels. Whether you\'re a pro athlete or a beginner, Padel\'s easy-to-learn nature allows you to pick it up quickly and have fun – all under the El Gouna sun!',	NULL,	NULL,	'2024-04-04 13:34:34',	'2024-04-07 17:21:30',	0,	NULL),
(32,	1,	17,	'Go Kart',	'Channel your inner F1 driver with no prior driving experience needed! El Gouna\'s Go-Karting track lets you experience the thrill of high-speed racing in a safe and controlled environment. Get ready to unleash your competitive spirit on the El Gouna raceway.',	NULL,	NULL,	'2024-04-04 13:35:34',	'2024-04-07 17:21:19',	0,	NULL),
(33,	1,	2,	'Mercedes V250 2022',	'This spacious vehicle comfortably seats up to six passengers, allowing personal space for everyone on board. The V250\'s expansive interior allows for luggage and gear, making it ideal for families, groups, or anyone who desires a touch of VIP treatment.',	NULL,	NULL,	'2024-04-04 13:38:37',	'2024-04-04 13:38:37',	0,	NULL),
(34,	1,	2,	'Mercedes E200 2022',	'This luxurious sedan is perfect for travelers seeking a touch of elegance on their journeys. The E200 provides a comfortable ride for up to four passengers, making it ideal for couples, small groups, or those who appreciate a touch of refined luxury.',	NULL,	NULL,	'2024-04-04 13:40:44',	'2024-04-04 13:40:44',	0,	NULL),
(35,	1,	1,	'Arabesque',	'Embark on a culinary journey through Egypt at Arabesque Restaurant!  Located in the heart of El Gouna, this vibrant place has an ambiance that complements the aromatic tagines, savory kebabs, and a menu crafted to honor the country\'s culinary heritage.  Whether you\'re a local or a traveler, Arabesque promises an unforgettable dining experience, transporting you to the heart of Egyptian cuisine.',	NULL,	NULL,	'2024-04-04 13:43:51',	'2024-04-04 13:43:51',	0,	NULL),
(38,	1,	10,	'Holix',	'Need to stock up before hitting the waves? This one-stop shop caters to all your watersports adventures, offering top-notch equipment and accessories for kitesurfing, wakeboarding, stand-up paddleboarding, kayaking, surfing, and sailing. Browse their extensive selection of wetsuits, quick-dry gear, and stylish lifestyle apparel.',	NULL,	NULL,	'2024-04-05 00:16:32',	'2024-04-06 17:20:12',	1,	NULL),
(39,	1,	4,	'Ocean Flyer - 33 ft',	'Set sail on luxury with the Ocean Flyer, El Gouna\'s crown jewel of yacht rentals measuring 33 feet. Accommodating up to 10 guests, the Ocean Flyer offers the ultimate in comfort and flexibility with a unique feature – a round glass viewing area to peek into the crystal-clear waters of the Red Sea.',	NULL,	NULL,	'2024-04-05 00:23:02',	'2024-04-05 12:11:08',	0,	NULL),
(40,	1,	4,	'Viga Boat - 19.6 ft',	'This sleek and powerful boat, measuring 19.6 ft and boasting a 175 HP engine, provides the perfect platform for exploring the turquoise waters surrounding El Gouna. Ideal for smaller groups, The Viga Boat is perfect for indulging in watersports, creating memories that will last a lifetime.',	NULL,	NULL,	'2024-04-05 00:31:02',	'2024-04-05 12:12:56',	0,	NULL),
(41,	1,	4,	'RIB Boat - 31 ft',	'This adrenaline-pumping boat stretches across 9.6 meters and is equipped with twin 200 HP engines, promising an exhilarating ride on the Red Sea. Crank up the tunes on the sound system and create unforgettable memories in the water with your family or friends',	NULL,	NULL,	'2024-04-05 00:34:05',	'2024-04-05 12:11:55',	0,	NULL),
(42,	1,	15,	'Flitescooter',	'For those craving water sports adventures, we’ve got you covered with the exhilarating Flitescooter. Imagine the thrill of effortlessly gliding above the water –  no experience required! Perfect for families, resorts, and yacht owners, this is a fun and eco-friendly way to experience the magic of El Gouna.',	NULL,	NULL,	'2024-04-05 02:02:28',	'2024-04-05 02:02:28',	0,	NULL),
(43,	1,	15,	'Safari',	'Ready for a 40km adrenaline rush through the magnificent Dry Canyon? You will get to choose between a Quad Bike or Dune Buggy for a scenic Safari from El Gouna. Then unwind at a Bedouin camp with refreshing drinks, fruitful shisha and fun camel rides.',	NULL,	NULL,	'2024-04-05 02:03:38',	'2024-04-05 02:03:38',	0,	NULL),
(44,	1,	15,	'Jeep Trip',	'This isn\'t your usual Jeep Safari trip. Hop aboard a rugged 4x4 and embark on a 40km journey through the mystical Dry Canyon, also known as Wadi Belli. Explore ancient fossils of corals and seashells. Then, immerse yourself in Bedouin culture with a camel ride, a taste of their traditional tea, and definitely a puff of shisha.',	NULL,	NULL,	'2024-04-05 02:04:14',	'2024-04-05 02:04:14',	0,	NULL),
(45,	1,	15,	'HorseBack Riding',	'It’s time for a Horseback Riding adventure where you get to discover El Gouna\'s scenic north from a unique perspective, tailored for all levels. Safety and animal welfare are our top priorities, ensuring both your comfort and the well-being of our magnificent horses.   Our experienced guides will lead small groups, allowing for personalized attention that exceeds your expectations.',	NULL,	NULL,	'2024-04-05 02:05:19',	'2024-04-06 17:19:56',	1,	NULL),
(46,	1,	15,	'Hiking',	'Unleash your inner adventurer with a 4x4 offroad adventure. Explore El Gouna\'s mountains, hike canyons, and indulge in a Bedouin hospitality with a sunset bonfire and starlit dinner.',	NULL,	NULL,	'2024-04-05 02:13:07',	'2024-04-06 17:55:32',	1,	NULL),
(47,	1,	15,	'Tawila Island',	'Indulge in unparalleled luxury at our brand new 5-star resort, featuring luxurious Water Bungalows with private pools and exquisite Beach Bungalows offering direct beach access.  Unwind in spacious suites, savor world-class dining, and experience unmatched service – Tawila Island, where tranquility meets adventure.',	NULL,	NULL,	'2024-04-05 02:13:47',	'2024-04-05 02:13:47',	0,	NULL),
(48,	1,	11,	'Bodyguards',	'Whether you require close protection, travel security, or event security, iConcierge provides highly trained and professional bodyguards to ensure your safety and well-being throughout your stay, allowing you to relax and focus on creating unforgettable memories.',	NULL,	NULL,	'2024-04-05 02:20:38',	'2024-04-05 11:19:11',	0,	NULL),
(49,	1,	7,	'Smokery Beach',	'Located right next to El Gouna\'s New Marina and facing the open water, this unique beach spot offers a year-round spot for relaxation. Enjoy delicious food and refreshing drinks at the beach bar and restaurant, all while grooving to happy beats.',	NULL,	NULL,	'2024-04-05 02:22:01',	'2024-04-05 02:34:44',	0,	NULL),
(50,	1,	7,	'Zouni beach',	'This beach haven offers crystal-clear waters, a soft sandy shore, and a relaxed atmosphere.  Indulge in delicious international cuisine from their restaurant, or simply unwind with a refreshing drink.',	NULL,	NULL,	'2024-04-05 02:23:51',	'2024-04-05 02:23:51',	0,	NULL),
(51,	1,	1,	'Boho Cafe',	'Unwind in a modern, boho-chic interior with stunning marina views at Boho Cafe. Whether you\'re a vegetarian, vegan, or following a gluten-free diet, you\'ll find a wide variety of satisfying options using the freshest ingredients from local markets. Boho Cafe goes beyond just healthy food; it\'s a mindful experience.',	NULL,	NULL,	'2024-04-05 11:36:59',	'2024-04-06 17:53:27',	1,	NULL),
(52,	1,	1,	'Bongoyo',	'Bongoyo, located in the heart of El Gouna\'s downtown, will take you on a culinary adventure with a chef deeply inspired by the rich tapestry of African cuisine & flavors, turning them into a culinary canvas on your plate. Named after a Tanzanian island paradise, Bongoyo reflects simplicity and beauty in every bite.',	NULL,	NULL,	'2024-04-05 11:50:44',	'2024-04-06 17:19:34',	1,	NULL),
(53,	1,	1,	'El Bahr',	'El Bahr offers an unparalleled seafood experience right on the El Gouna coast. Savor the freshest Red Sea catches alongside a variety of tempting starters, all just steps from the water\'s edge. And Feel free to bring your own catch of the day - El Bahr\'s skilled chefs will prepare it to perfection for you, showcasing the true taste of the sea!',	NULL,	NULL,	'2024-04-05 11:54:37',	'2024-04-05 11:54:37',	0,	NULL),
(54,	1,	1,	'Harumaki',	'Immerse yourself in a vibrant fine-dining experience featuring authentic Japanese Teppanyaki and sushi as fresh as the ocean breeze while witnessing the captivating art of Teppanyaki cooking live.  The elegant light wood and natural decor creates a refined atmosphere, with the vibrant Teppanyaki grill taking center stage.',	NULL,	NULL,	'2024-04-05 11:57:34',	'2024-04-05 14:11:59',	0,	NULL),
(55,	1,	1,	'La Plancha',	'Get ready for a dining experience unlike any other at La Plancha, the exciting new addition to Chicha\'s Group in El Gouna. This place is more than just a restaurant and live bar; it\'s a destination for unforgettable entertainment and delicious Mediterranean cuisine with a breathtaking beachfront view.',	NULL,	NULL,	'2024-04-05 12:02:01',	'2024-04-05 12:02:01',	0,	NULL),
(56,	1,	1,	'Le Restaurant',	'At Le Restaurant, in-house guests enjoy the freedom to dine whenever their heart desires, with no set meal times.  Savor a menu cooked with fresh, seasonal ingredients, or let their talented chef create your own dish. Choose your ideal setting – the comfortable room, the elegant dining room decorated with handpicked Art Deco pieces by Jules Leleu, or the shaded terrace overlooking the shimmering lagoon.',	NULL,	NULL,	'2024-04-05 12:08:25',	'2024-04-06 17:54:13',	1,	NULL),
(57,	1,	1,	'Marina Steakhouse',	'Craving sizzling steaks and fresh seafood with a view?  This renowned restaurant in the heart of El Gouna\'s bustling marina offers both breakfast and dinner to satisfy hotel guests and passersby.  Dine indoors among chic, contemporary surroundings or soak up the atmosphere on the terrace, shaded by vibrant bougainvillea.',	NULL,	NULL,	'2024-04-05 12:11:48',	'2024-04-05 12:11:48',	0,	NULL),
(58,	1,	1,	'Nihon',	'This rooftop has breathtaking sea views and a relaxed, sophisticated ambiance. Savor authentic Japanese cuisine prepared in a live kitchen, all while sipping expertly crafted drinks from the resident wine guru or mixologist.',	NULL,	NULL,	'2024-04-05 12:14:23',	'2024-04-05 12:14:23',	0,	NULL),
(59,	1,	1,	'Sotto Sopra Marina',	'Sotto Sopra, located in the heart of Marina El Gouna, is known for its unique Pizza by meter experience. Unwind in a cozy atmosphere, savor authentic Italian cuisine with symphony flavors accompanied by a unique selection of music — all in one place!',	NULL,	NULL,	'2024-04-05 12:18:44',	'2024-04-05 12:18:44',	0,	NULL),
(60,	1,	1,	'Tandoor',	'Embark on a flavorful adventure at Tandoor, a soulful Indian kitchen led by the masterful Chef Vijay Singh. Chill beneath the bamboo gazebo, savor freshly prepared dishes with the Red Sea breeze, or be captivated by the colorful interior with pink arches and brass lights.',	NULL,	NULL,	'2024-04-05 12:21:28',	'2024-04-05 12:21:28',	0,	NULL),
(61,	1,	1,	'Villa Coconut',	'Step into an enchanting symphony of aesthetics, where ethereal decor, ambient lighting, and artful design weave a spell that goes beyond dining. Villa Coconut\'s menu reflects the bohemian spirit of its ambiance, so expect a fusion of international flavors presented with an artistic flair.',	NULL,	NULL,	'2024-04-05 12:24:04',	'2024-04-05 12:24:04',	0,	NULL),
(62,	1,	4,	'Seven Spices',	'Set sail in the most luxurious 40-meter private boat at El Gouna, the Seven Spices. Indulge in ultimate privacy and independent cruising with six beautifully designed and spacious staterooms for up to 13 guests. And a multinational crew of eleven ensures a seamless service, allowing you to embrace the magic of the Red Sea.',	NULL,	NULL,	'2024-04-05 17:50:34',	'2024-04-06 17:18:59',	1,	NULL),
(63,	1,	16,	'Bombardier Global 7500',	'Experience unparalleled luxury and efficiency when you fly on the Bombardier Global 7500, a private jet designed for ultimate comfort and long-range travel.  This 2022 jet boasts a spacious cabin that can comfortably seat up to 16 passengers, with lie-flat seats for up to 6 individuals.',	NULL,	NULL,	'2024-04-05 18:14:50',	'2024-04-08 10:49:14',	1,	NULL),
(65,	1,	13,	'Private Chef',	NULL,	NULL,	NULL,	'2024-04-08 01:26:03',	'2024-04-08 01:26:03',	0,	NULL),
(66,	1,	13,	'Photographer',	NULL,	NULL,	NULL,	'2024-04-08 01:26:35',	'2024-04-08 01:26:35',	0,	NULL),
(67,	1,	13,	'Babysitter',	NULL,	NULL,	NULL,	'2024-04-08 01:27:00',	'2024-04-08 01:27:00',	0,	NULL),
(68,	1,	13,	'⁠Personal Shopping Stylist',	NULL,	NULL,	NULL,	'2024-04-08 01:27:24',	'2024-04-08 01:27:33',	0,	NULL),
(69,	1,	13,	'Private Couch',	NULL,	NULL,	NULL,	'2024-04-08 01:28:10',	'2024-04-08 01:28:10',	0,	NULL),
(70,	1,	13,	'Private Yoga Instructor',	NULL,	NULL,	NULL,	'2024-04-08 01:28:31',	'2024-04-08 01:28:41',	0,	NULL),
(71,	1,	13,	'Makeup artist',	NULL,	NULL,	NULL,	'2024-04-08 01:29:07',	'2024-04-08 01:29:14',	0,	NULL),
(72,	1,	13,	'Bartender',	NULL,	NULL,	NULL,	'2024-04-08 01:30:11',	'2024-04-08 01:30:18',	0,	NULL),
(73,	1,	13,	'Dj',	NULL,	NULL,	NULL,	'2024-04-08 01:30:39',	'2024-04-08 01:30:46',	0,	NULL),
(74,	1,	13,	'Private Diving Instructor',	NULL,	NULL,	NULL,	'2024-04-08 01:31:15',	'2024-04-08 01:31:15',	0,	NULL),
(75,	1,	13,	'Event Planner',	NULL,	NULL,	NULL,	'2024-04-08 01:31:50',	'2024-04-08 01:31:50',	0,	NULL),
(76,	1,	13,	'Entertainers',	NULL,	NULL,	NULL,	'2024-04-08 01:32:11',	'2024-04-08 01:32:11',	0,	NULL),
(77,	1,	13,	'Pet Care',	NULL,	NULL,	NULL,	'2024-04-08 01:37:14',	'2024-04-08 01:37:14',	0,	NULL),
(78,	1,	16,	'BOMBARDIER Global 6000',	'The Bombardier Global 6000 seamlessly blends exceptional travel comfort with long-range capability. This 2019 jet boasts a spacious cabin that can seat up to 13 passengers comfortably, with sleeping berths for up to 6 individuals. Its comfortable and well-equipped cabin provides the perfect environment for relaxation or getting down to business.',	NULL,	NULL,	'2024-04-08 10:47:57',	'2024-04-08 11:10:13',	0,	NULL),
(79,	1,	16,	'⁠ZELIN Airplane',	NULL,	NULL,	NULL,	'2024-04-08 10:55:38',	'2024-04-08 10:55:38',	0,	NULL);

DROP TABLE IF EXISTS `service_details`;
CREATE TABLE `service_details` (
  `id` bigint(20) unsigned NOT NULL AUTO_INCREMENT,
  `service_id` bigint(20) unsigned NOT NULL,
  `created_at` timestamp NULL DEFAULT NULL,
  `updated_at` timestamp NULL DEFAULT NULL,
  `key` varchar(255) DEFAULT NULL,
  `value` text DEFAULT NULL,
  `type` varchar(255) DEFAULT NULL,
  PRIMARY KEY (`id`),
  KEY `service_details_service_id_foreign` (`service_id`),
  CONSTRAINT `service_details_service_id_foreign` FOREIGN KEY (`service_id`) REFERENCES `services` (`id`) ON DELETE CASCADE
) ENGINE=InnoDB DEFAULT CHARSET=utf8mb4 COLLATE=utf8mb4_unicode_ci;

INSERT INTO `service_details` (`id`, `service_id`, `created_at`, `updated_at`, `key`, `value`, `type`) VALUES
(28,	18,	'2024-04-04 12:12:52',	'2024-04-04 12:12:52',	'Duration',	'1 or 2 days',	''),
(29,	18,	'2024-04-04 12:13:10',	'2024-04-04 12:13:10',	'Landmarks',	'Pyramids of Giza \r\nGreat Sphinx of Giza \r\nGiza Valley Temple \r\nEgyptian Museum \r\nKhan el Khalili',	''),
(30,	18,	'2024-04-04 12:13:37',	'2024-04-04 12:13:37',	'Package',	'Round-trip transfers included \r\nComfortable transfers in air-conditioned vehicles\r\nVisit to all landmarks in the itinerary \r\nAll entrance fees and a private Egyptologist guide covered\r\nLunch at a local restaurant\r\nAssistance from travel agents with pick-up and return',	''),
(31,	18,	'2024-04-04 12:13:59',	'2024-04-04 12:13:59',	'Language',	'All Languages',	''),
(32,	18,	'2024-04-04 12:14:25',	'2024-04-04 12:14:25',	'Available Transportation',	'Car, minivan, flight and private aircraft',	''),
(33,	19,	'2024-04-04 12:15:45',	'2024-04-04 12:15:45',	'Duration',	'1 or 2 days',	''),
(34,	19,	'2024-04-04 12:15:57',	'2024-04-04 12:15:57',	'Landmarks',	'Karnak Temple\r\nColossi of Memnon\r\nValley of the Kings / alternatively Valley of the Queens Tour\r\nHatshepsut Temple',	''),
(36,	19,	'2024-04-04 12:16:33',	'2024-04-04 12:16:33',	'Transportation available',	'car, minivan, flight and private aircraft',	''),
(37,	19,	'2024-04-04 12:16:47',	'2024-04-04 12:16:47',	'Languages',	'All Languages',	''),
(38,	20,	'2024-04-04 12:28:20',	'2024-04-04 12:28:20',	'Ambiance',	'Fine dining restaurant and lounge bar',	''),
(39,	20,	'2024-04-04 12:28:36',	'2024-04-04 12:28:36',	'Cuisine',	'Authentic Lebanese',	''),
(40,	20,	'2024-04-04 12:29:13',	'2024-04-04 12:29:13',	'Working hours',	'9:00 AM to Midnight',	''),
(43,	21,	'2024-04-04 12:32:34',	'2024-04-04 12:32:34',	'Ambiance',	'Family-friendly',	''),
(44,	21,	'2024-04-04 12:32:52',	'2024-04-04 12:32:52',	'Cuisine',	'Varied menu catering to families',	''),
(45,	21,	'2024-04-04 12:33:18',	'2024-04-04 12:33:18',	'Working hours',	'10:00 AM to Midnight',	''),
(46,	21,	'2024-04-04 12:33:43',	'2024-04-04 12:33:43',	'Zouni Beach Menu',	NULL,	''),
(47,	21,	'2024-04-04 12:34:06',	'2024-04-04 12:34:06',	'Logo',	NULL,	''),
(48,	22,	'2024-04-04 12:36:49',	'2024-04-04 12:36:49',	'Ambiance',	'Trendy, Upscale',	''),
(49,	22,	'2024-04-04 12:37:04',	'2024-04-04 12:37:04',	'Cuisine',	'Japanese',	''),
(50,	22,	'2024-04-04 12:37:17',	'2024-04-04 12:37:17',	'Working hours',	'1:00 PM to 1:00 AM',	''),
(51,	23,	'2024-04-04 12:42:02',	'2024-04-04 12:42:02',	'Ambiance',	'Vibrant',	''),
(52,	23,	'2024-04-04 12:42:13',	'2024-04-04 12:42:13',	'Cuisine',	'Authentic Latin',	''),
(53,	23,	'2024-04-04 12:42:30',	'2024-04-04 12:42:30',	'Working hours',	'1:00 PM to 11:30 PM',	''),
(54,	24,	'2024-04-04 12:52:24',	'2024-04-04 12:52:24',	'Services',	'Massage Treatments, Spa and Hammam rituals',	''),
(55,	24,	'2024-04-04 12:52:42',	'2024-04-04 12:52:42',	'Working hours',	'9:00 AM to 7:00 PM',	''),
(56,	25,	'2024-04-04 13:01:36',	'2024-04-04 13:01:36',	'Services',	'Massage Therapy, Spa, Hammam, Body Treatment and Facials',	''),
(57,	25,	'2024-04-04 13:01:47',	'2024-04-04 13:01:47',	'Working hours',	'9:00 AM  to 7:00 PM',	''),
(58,	26,	'2024-04-04 13:06:23',	'2024-04-04 13:06:23',	'Services',	'Massage, Hammam',	''),
(59,	26,	'2024-04-04 13:06:36',	'2024-04-04 13:06:36',	'Working hours',	'10:00 AM to 11:00 PM',	''),
(60,	26,	'2024-04-04 13:07:03',	'2024-04-04 13:07:03',	'Price list',	NULL,	''),
(61,	27,	'2024-04-04 13:11:28',	'2024-04-04 13:11:28',	'Services',	'Massage, Body & Face rituals',	''),
(62,	27,	'2024-04-04 13:11:41',	'2024-04-04 13:11:41',	'Working hours',	'9:30 AM to 8:30 PM',	''),
(63,	28,	'2024-04-04 13:22:56',	'2024-04-04 13:22:56',	'Working hours',	'10:00 AM to 10:00 PM',	''),
(64,	28,	'2024-04-04 13:23:15',	'2024-04-04 13:23:15',	'Discounts',	'20% for all iConcierge subscribers',	''),
(66,	28,	'2024-04-04 13:24:06',	'2024-04-04 13:24:06',	'Logo',	NULL,	''),
(67,	29,	'2024-04-04 13:32:05',	'2024-04-04 13:32:05',	'Working hours',	'From 7:00 AM until Sunset\r\nLast tea time for 18 holes at 2:00 PM ; 9 holes at 4:00 PM',	''),
(68,	33,	'2024-04-04 13:39:05',	'2024-04-04 20:52:08',	'Passengers No',	'Up to 4',	''),
(69,	33,	'2024-04-04 13:39:20',	'2024-04-04 13:39:20',	'Colors',	'Black and White',	''),
(70,	34,	'2024-04-04 13:41:15',	'2024-04-04 20:52:22',	'Passengers No',	'Up to 2',	''),
(71,	34,	'2024-04-04 13:41:25',	'2024-04-04 13:41:25',	'Colors',	'Black',	''),
(72,	35,	'2024-04-04 13:44:10',	'2024-04-04 13:44:10',	'Ambiance',	'Vibrant, Warm',	''),
(73,	35,	'2024-04-04 13:44:19',	'2024-04-04 13:44:19',	'Cuisine',	'Egyptian',	''),
(74,	35,	'2024-04-04 13:44:34',	'2024-04-04 13:44:34',	'Working hours',	'8:00 PM till Midnight',	''),
(75,	35,	'2024-04-04 13:44:59',	'2024-04-04 13:44:59',	'Menu',	NULL,	'menu'),
(90,	35,	'2024-04-04 23:05:38',	'2024-04-04 23:05:38',	'Map',	'https://www.google.com/maps/embed?pb=!1m18!1m12!1m3!1d11947.694083599788!2d33.823378035623534!3d27.09106649569755!2m3!1f0!2f0!3f0!3m2!1i1024!2i768!4f13.1!3m3!1m2!1s0x144d7fd93d5cb13f%3A0x937e989900720d70!2sArabisck%20Restaurant!5e0!3m2!1sen!2seg!4v1712271546860!5m2!1sen!2seg',	'map'),
(95,	38,	'2024-04-05 00:18:38',	'2024-04-05 00:18:38',	'Logo',	NULL,	'logo'),
(96,	39,	'2024-04-05 00:23:29',	'2024-04-05 00:23:29',	'Passengers',	'Up to 10 guests',	''),
(97,	41,	'2024-04-05 00:34:36',	'2024-04-05 00:34:36',	'Passengers',	'Up to 10 guests',	''),
(98,	45,	'2024-04-05 02:05:48',	'2024-04-05 02:05:48',	'Riding levels',	'Novice, Occasional or Advanced',	''),
(99,	45,	'2024-04-05 02:07:06',	'2024-04-05 02:07:06',	'Tours: 1 hour desert/beach',	'For all riding levels and a perfect choice for beginners.',	''),
(100,	45,	'2024-04-05 02:08:06',	'2024-04-05 02:08:06',	'Tours: 2 hours desert/longer beach',	'For experienced riders',	''),
(101,	45,	'2024-04-05 02:08:42',	'2024-04-05 02:08:42',	'From April until November',	'2 hours desert/beach/swimming with the horses  for all riding levels',	''),
(102,	45,	'2024-04-05 02:09:18',	'2024-04-05 02:09:18',	'For the benefit of mother/unborn',	'Riding is not permitted during pregnancy',	''),
(103,	45,	'2024-04-05 02:09:45',	'2024-04-05 02:09:45',	'For the well-being of our horses',	'Our weight limit is 90 kg.',	''),
(104,	45,	'2024-04-05 02:10:36',	'2024-04-05 02:10:36',	'Note',	'All tours are depending on appropriate weather conditions',	''),
(105,	45,	'2024-04-05 02:12:00',	'2024-04-05 02:12:00',	'Cancellation',	'For safety and convenience reasons.',	''),
(107,	47,	'2024-04-05 02:14:19',	'2024-04-05 02:14:19',	'All Day Dining',	'Lilac Restaurant',	''),
(108,	47,	'2024-04-05 02:14:50',	'2024-04-05 02:14:50',	'Specialty restaurant',	'Reeds Restaurant',	''),
(109,	47,	'2024-04-05 02:15:14',	'2024-04-05 02:15:14',	'Facilities',	'Beach Bar',	''),
(110,	49,	'2024-04-05 02:22:26',	'2024-04-05 02:22:26',	'Working hours',	'10 am - sunset',	''),
(111,	49,	'2024-04-05 02:22:55',	'2024-04-05 02:22:55',	'Note',	'Pets friendly, kids playground',	''),
(112,	50,	'2024-04-05 02:24:14',	'2024-04-05 02:24:14',	'Working hours',	'10:00 AM till Sunset',	''),
(113,	50,	'2024-04-05 02:24:36',	'2024-04-05 02:24:36',	'Note',	'Pets friendly, kids playground',	''),
(114,	17,	'2024-04-05 02:35:18',	'2024-04-05 02:35:18',	'Ambiance',	'Waterfront dining, Up-beat',	''),
(115,	17,	'2024-04-05 02:35:45',	'2024-04-05 02:35:45',	'Cuisine',	'Variety of international flavors',	''),
(116,	17,	'2024-04-05 02:36:09',	'2024-04-05 02:36:09',	'Working Hours',	'5:00 PM to Midnight',	''),
(117,	51,	'2024-04-05 11:37:48',	'2024-04-05 11:37:48',	'Ambiance',	'Boho, calming atmosphere',	''),
(118,	51,	'2024-04-05 11:38:17',	'2024-04-05 11:38:17',	'Cuisine',	'Health-conscious, locally sourced ingredients',	''),
(119,	51,	'2024-04-05 11:38:48',	'2024-04-05 11:38:48',	'Working hours',	'10:00 AM to Midnight',	''),
(120,	51,	'2024-04-05 11:39:44',	'2024-04-05 11:39:44',	'Menu',	NULL,	'menu'),
(121,	22,	'2024-04-05 11:41:58',	'2024-04-05 11:41:58',	'Menu',	NULL,	'menu'),
(122,	23,	'2024-04-05 11:44:01',	'2024-04-05 11:44:01',	'Menu',	NULL,	'menu'),
(123,	17,	'2024-04-05 11:46:35',	'2024-04-05 11:46:35',	'Menu',	NULL,	'menu'),
(124,	52,	'2024-04-05 11:51:11',	'2024-04-05 11:51:11',	'Ambiance',	'Warm',	''),
(125,	52,	'2024-04-05 11:52:03',	'2024-04-05 11:52:03',	'Cuisine',	'African fusion',	''),
(126,	52,	'2024-04-05 11:52:28',	'2024-04-05 11:52:28',	'Working hours',	'4:00 PM to 11:30 PM',	''),
(127,	52,	'2024-04-05 11:53:00',	'2024-04-05 11:53:00',	'Menu',	NULL,	'menu'),
(128,	53,	'2024-04-05 11:55:03',	'2024-04-05 11:55:03',	'Ambiance',	'Seaside charm',	''),
(129,	53,	'2024-04-05 11:55:26',	'2024-04-05 11:55:26',	'Cuisine',	'Red Sea Seafood',	''),
(130,	53,	'2024-04-05 11:55:49',	'2024-04-05 11:55:49',	'Working hours',	'1:00 PM to 10:00 PM',	''),
(131,	53,	'2024-04-05 11:56:13',	'2024-04-05 11:56:13',	'Menu',	NULL,	'menu'),
(132,	54,	'2024-04-05 11:58:11',	'2024-04-05 11:58:11',	'Ambiance',	'Elegant, Vibrant',	''),
(133,	54,	'2024-04-05 11:58:32',	'2024-04-05 11:58:32',	'Cuisine',	'Fine-dining Japanese',	''),
(134,	54,	'2024-04-05 11:59:43',	'2024-04-05 11:59:43',	'Working Hours',	'6:30 PM till 10:30 PM',	''),
(135,	54,	'2024-04-05 12:00:13',	'2024-04-05 12:00:13',	'2 Teppanjyaki sessions',	'at 6:30 PM and 8:30 PM',	''),
(136,	55,	'2024-04-05 12:02:43',	'2024-04-05 12:02:43',	'Ambiance',	'Beach chic, vibrant',	''),
(137,	55,	'2024-04-05 12:03:19',	'2024-04-05 12:03:19',	'Cuisine',	'Mediterranean',	''),
(138,	55,	'2024-04-05 12:04:09',	'2024-04-05 12:05:10',	'Sunday - Friday',	'9:00 AM to  7:00 PM',	''),
(139,	55,	'2024-04-05 12:05:32',	'2024-04-05 12:05:32',	'Saturdays',	'9:00 AM to 10:00 PM',	''),
(140,	55,	'2024-04-05 12:06:27',	'2024-04-05 12:06:27',	'Menu',	NULL,	'menu'),
(141,	56,	'2024-04-05 12:08:51',	'2024-04-05 12:08:51',	'Ambiance',	'Luxurious, Personalized',	''),
(142,	56,	'2024-04-05 12:09:10',	'2024-04-05 12:09:10',	'Cuisine',	'Variety',	''),
(143,	56,	'2024-04-05 12:09:31',	'2024-04-05 12:09:31',	'Working Hours',	'8:00 AM till 11:00 PM',	''),
(145,	56,	'2024-04-05 12:09:56',	'2024-04-05 12:09:56',	'Last call for order',	'9:30 pm',	''),
(147,	57,	'2024-04-05 12:12:12',	'2024-04-05 12:12:12',	'Ambiance',	'Chic, Contemporary styling',	''),
(149,	57,	'2024-04-05 12:12:36',	'2024-04-05 12:12:36',	'Cuisine',	'International Cuisine',	''),
(150,	57,	'2024-04-05 12:13:04',	'2024-04-05 12:13:04',	'Menu',	NULL,	'menu'),
(151,	58,	'2024-04-05 12:14:51',	'2024-04-05 12:14:51',	'Ambiance',	'Sophisticated yet relaxed',	''),
(152,	58,	'2024-04-05 12:15:12',	'2024-04-05 12:15:12',	'Cuisine',	'Authentic Japanese',	''),
(153,	58,	'2024-04-05 12:15:53',	'2024-04-05 12:15:53',	'Working Hours',	'Dinner: 6:00 PM till Midnight',	''),
(154,	58,	'2024-04-05 12:16:15',	'2024-04-05 12:16:15',	'Bar last service',	'At Midnight',	''),
(155,	58,	'2024-04-05 12:16:55',	'2024-04-05 12:16:55',	'Menu',	NULL,	'menu'),
(156,	59,	'2024-04-05 12:19:11',	'2024-04-05 12:19:11',	'Ambiance',	'Cozy, warm vibes',	''),
(157,	59,	'2024-04-05 12:19:32',	'2024-04-05 12:19:32',	'Cuisine',	'Italian cuisine',	''),
(158,	59,	'2024-04-05 12:19:56',	'2024-04-05 12:19:56',	'Menu',	NULL,	'menu'),
(159,	60,	'2024-04-05 12:21:51',	'2024-04-05 12:21:51',	'Ambiance',	'Vibrant, Breezy',	''),
(160,	60,	'2024-04-05 12:22:11',	'2024-04-05 12:22:11',	'Cuisine',	'Indian cuisine',	''),
(161,	60,	'2024-04-05 12:22:30',	'2024-04-05 12:22:30',	'Working Hours',	'1:00 PM to Midnight',	''),
(162,	61,	'2024-04-05 12:24:30',	'2024-04-05 12:24:30',	'Ambiance',	'Ethereal, sensory',	''),
(163,	61,	'2024-04-05 12:24:49',	'2024-04-05 12:24:49',	'Cuisine',	'Boho-chic fusion',	''),
(164,	61,	'2024-04-05 12:25:48',	'2024-04-05 12:25:48',	'Working hours (2 slots)',	'6:00 PM to 9:00 PM',	''),
(165,	61,	'2024-04-05 12:26:21',	'2024-04-05 12:26:21',	'Thursdays -Fridays',	'9:30 PM to 2:00 AM',	''),
(166,	61,	'2024-04-05 12:27:03',	'2024-04-05 12:27:03',	'Menu',	NULL,	'menu'),
(167,	62,	'2024-04-05 17:51:02',	'2024-04-05 17:51:02',	'Passengers',	'Up to 13 guests',	''),
(168,	63,	'2024-04-05 18:18:22',	'2024-04-07 13:13:58',	'BOMBARDIER GLOBAL 7500 JET',	'This 2022 jet boasts a spacious cabin that can comfortably seat up to 16 passengers, with lie-flat seats for up to 6 individuals.',	''),
(169,	63,	'2024-04-05 18:20:01',	'2024-04-05 18:20:01',	'What’s included',	'On-board Entertainment System\r\n6 Sleeping Berths \r\nWi-Fi: Jet ConneX (Ka-Band)\r\nLuggage Capacity: 195 cu.ft.\r\nExpert Crew: 2 Pilots / 1 Flight Attendant',	''),
(176,	35,	'2024-04-05 23:16:18',	'2024-04-05 23:16:18',	'Logo',	NULL,	'logo'),
(177,	61,	'2024-04-05 23:29:57',	'2024-04-05 23:29:57',	'Logo',	NULL,	'logo'),
(179,	48,	'2024-04-06 12:37:44',	'2024-04-06 12:37:44',	'Secure Transportation',	'Unparalleled safety in transit, providing secure and discreet transportation whether it’s for individuals or valuable assets.',	''),
(180,	48,	'2024-04-06 12:38:05',	'2024-04-06 12:38:05',	'Event Security',	'Holistic security solutions for events, guaranteeing a seamless and secure experience for all attendees.',	''),
(181,	48,	'2024-04-06 12:38:27',	'2024-04-06 12:38:27',	'Security Trained Drivers',	'Expert chauffeurs with advanced security training, ensuring a vigilant and secure journey.',	''),
(182,	48,	'2024-04-06 12:38:46',	'2024-04-06 12:38:46',	'Executive Security',	'Customized security services meticulously crafted to safeguard executives and high-profile individuals in any setting.',	''),
(184,	51,	'2024-04-07 08:36:31',	'2024-04-07 08:36:31',	'Logo',	NULL,	'logo'),
(185,	52,	'2024-04-07 08:51:10',	'2024-04-07 08:51:10',	'Logo',	NULL,	'logo'),
(186,	53,	'2024-04-07 09:00:52',	'2024-04-07 09:00:52',	'Logo',	NULL,	'logo'),
(187,	23,	'2024-04-07 09:08:27',	'2024-04-07 09:08:27',	'Logo',	NULL,	'logo'),
(189,	20,	'2024-04-07 09:20:11',	'2024-04-07 09:20:11',	'Logo',	NULL,	'logo'),
(190,	20,	'2024-04-07 09:23:30',	'2024-04-07 09:23:30',	'Menu',	NULL,	'menu'),
(191,	58,	'2024-04-07 12:13:01',	'2024-04-07 12:13:01',	'Logo',	NULL,	'logo'),
(192,	59,	'2024-04-07 12:19:30',	'2024-04-07 12:19:30',	'Logo',	NULL,	'logo'),
(193,	57,	'2024-04-07 12:22:28',	'2024-04-07 12:22:28',	'Logo',	NULL,	'logo'),
(211,	56,	'2024-04-07 18:01:30',	'2024-04-07 18:01:30',	'Menu',	NULL,	'menu'),
(213,	19,	'2024-04-07 20:36:21',	'2024-04-07 20:36:21',	'Meals',	'Dinner',	''),
(214,	19,	'2024-04-07 20:43:42',	'2024-04-07 20:43:42',	'Dinner',	'Round-trip transfers included Comfortable transfers in air-conditioned vehicles\\n\r\n Round-trip transfers included Comfortable transfers in air-conditioned vehicles\\n\r\nRound-trip transfers included Comfortable transfers in air-conditioned vehicles',	''),
(215,	17,	'2024-04-08 01:35:34',	'2024-04-08 01:35:34',	'Logo',	NULL,	'logo'),
(216,	78,	'2024-04-08 10:49:51',	'2024-04-08 10:49:51',	'SPECIFICATIONS',	NULL,	''),
(217,	78,	'2024-04-08 10:50:05',	'2024-04-08 10:50:05',	'YOM',	'2019',	''),
(218,	78,	'2024-04-08 10:50:30',	'2024-04-08 10:50:30',	'Maximum Seating',	'13 Maximum',	''),
(219,	78,	'2024-04-08 10:50:54',	'2024-04-08 10:50:54',	'Speed',	'660mph',	''),
(220,	78,	'2024-04-08 10:51:25',	'2024-04-08 10:51:25',	'Sleeping Capacity',	'6',	''),
(221,	78,	'2024-04-08 10:51:48',	'2024-04-08 10:51:48',	'Range',	'6,000nm',	''),
(222,	78,	'2024-04-08 10:52:10',	'2024-04-08 10:52:10',	'Interior Height',	'1.88m',	''),
(223,	78,	'2024-04-08 10:52:30',	'2024-04-08 10:52:30',	'Luggage Capacity',	'195cu.ft.',	''),
(224,	78,	'2024-04-08 10:53:06',	'2024-04-08 10:54:24',	'On-Board Entertainment System',	'Wif: Yes\r\nCrew: 2 Pilots / 1 Flight Attendant',	''),
(225,	79,	'2024-04-08 10:56:24',	'2024-04-08 10:56:24',	'SPECIFICATIONS',	NULL,	''),
(226,	79,	'2024-04-08 10:56:45',	'2024-04-08 10:56:45',	'Seats',	'3 Passengers',	''),
(227,	79,	'2024-04-08 10:57:08',	'2024-04-08 10:57:08',	'Flying Altitude',	'1000 FT',	''),
(228,	79,	'2024-04-08 10:57:24',	'2024-04-08 10:57:24',	'Domestic flights only',	NULL,	'');

DROP TABLE IF EXISTS `settings`;
CREATE TABLE `settings` (
  `id` bigint(20) unsigned NOT NULL AUTO_INCREMENT,
  `user_id` bigint(20) unsigned NOT NULL,
  `created_at` timestamp NULL DEFAULT NULL,
  `updated_at` timestamp NULL DEFAULT NULL,
  PRIMARY KEY (`id`),
  KEY `settings_user_id_foreign` (`user_id`),
  CONSTRAINT `settings_user_id_foreign` FOREIGN KEY (`user_id`) REFERENCES `users` (`id`) ON DELETE CASCADE
) ENGINE=InnoDB DEFAULT CHARSET=utf8mb4 COLLATE=utf8mb4_unicode_ci;


DROP TABLE IF EXISTS `subscriptions`;
CREATE TABLE `subscriptions` (
  `id` bigint(20) unsigned NOT NULL AUTO_INCREMENT,
  `user_id` bigint(20) unsigned NOT NULL,
  `type` enum('free_trail','premium') NOT NULL,
  `end_at` date NOT NULL,
  `created_at` timestamp NULL DEFAULT NULL,
  `updated_at` timestamp NULL DEFAULT NULL,
  PRIMARY KEY (`id`),
  KEY `subscriptions_user_id_foreign` (`user_id`),
  CONSTRAINT `subscriptions_user_id_foreign` FOREIGN KEY (`user_id`) REFERENCES `users` (`id`) ON DELETE CASCADE
) ENGINE=InnoDB DEFAULT CHARSET=utf8mb4 COLLATE=utf8mb4_unicode_ci;

INSERT INTO `subscriptions` (`id`, `user_id`, `type`, `end_at`, `created_at`, `updated_at`) VALUES
(1,	3,	'free_trail',	'2024-03-12',	'2024-04-05 20:41:14',	'2024-04-05 20:41:14');

DROP TABLE IF EXISTS `users`;
CREATE TABLE `users` (
  `id` bigint(20) unsigned NOT NULL AUTO_INCREMENT,
  `username` varchar(255) NOT NULL,
  `email` varchar(255) NOT NULL,
  `password` varchar(255) NOT NULL,
  `cover` varchar(255) DEFAULT NULL,
  `phone` varchar(255) DEFAULT NULL,
  `api_token` varchar(255) DEFAULT NULL,
  `created_at` timestamp NULL DEFAULT NULL,
  `updated_at` timestamp NULL DEFAULT NULL,
  `remember_token` varchar(255) CHARACTER SET utf8 COLLATE utf8_general_ci DEFAULT NULL,
  `type` varchar(255) CHARACTER SET utf8 COLLATE utf8_general_ci DEFAULT NULL,
  PRIMARY KEY (`id`),
  UNIQUE KEY `users_email_unique` (`email`),
  UNIQUE KEY `users_phone_unique` (`phone`)
) ENGINE=InnoDB DEFAULT CHARSET=utf8mb4 COLLATE=utf8mb4_unicode_ci;

INSERT INTO `users` (`id`, `username`, `email`, `password`, `cover`, `phone`, `api_token`, `created_at`, `updated_at`, `remember_token`, `type`) VALUES
(1,	'ahmed',	'eltaroon1082000@gmail.com',	'$2y$10$E9Y.3671FoECLqyDwpJN8.JqP8f609S.aO6wf7fQT7dfZqLu.qMq6',	NULL,	'01066343874',	NULL,	'2024-03-27 19:25:44',	'2024-04-07 21:24:18',	'341353',	NULL),
(2,	'ahmed eltaroon',	'mastercode179@gmail.com',	'$2y$10$BaE1UL/D6vYzebcKB5fMyO9fff1zeryhJwM2W0/2cFgvfRJUY7fsq',	'https://admin.iconciergeeg.com/storage/users/2024-03-29/home_1711755004.png',	NULL,	'$2y$10$KW0HJb1KzmVI2qjgjXY2k.7xYH0abwJf4EKxSN7VgxrniCu.kSd.C',	'2024-03-28 14:13:42',	'2024-04-08 03:42:52',	NULL,	NULL),
(3,	'ahmed eltaroon',	'ahmed@gmail.com',	'$2y$10$tZu0dbM2KSfhV.DeBDAqxeGKR4aGeG8ZSx3V6ETuJdRdLbMwhPtk6',	NULL,	NULL,	'$2y$10$2jWbPZGlp2dhhQ3sPSIzgegwvm6ANOAaCuAuzeeKg4BOrI.F.pA4q',	'2024-03-30 15:56:29',	'2024-04-08 04:29:05',	'994950',	'free'),
(4,	'ahmed eltaroon',	'ahmede@gmail.com',	'$2y$10$Hd4O38YF4qm325iB8N1ypOLQ5LLyzWWxhEuk8XMK0Lc/fYWBqMwai',	NULL,	NULL,	'$2y$10$srTDlXWiRB7hCkvpKRKTz.m8SF6JftDnS.LtUnDt1o1/jgfsnmJa6',	'2024-03-31 06:08:00',	'2024-03-31 06:08:00',	NULL,	NULL),
(5,	'user',	'user@user.com',	'$2y$10$JyGkXzHBLzkYESPcGRV69.ouTrPELnT7KPHlXvkbbSmDhvDt6QMWe',	'https://admin.iconciergeeg.com/storage/users/2024-04-06/ec10768b-1650-485b-b1eb-a98fc00638148257307326770546111_1712434392.jpg',	NULL,	NULL,	'2024-03-31 06:17:49',	'2024-04-08 03:52:04',	NULL,	NULL),
(6,	'testmokmo',	'mm.mokhtar23@gmail.com',	'$2y$10$MgsUNkkgOgEBdr7YrRoIM.lYpBCJ4CUwliFVV7s.SKQPQefYpf6ta',	NULL,	NULL,	'$2y$10$d6o5M49N5ArQWhrR8WrYX.Xu3S3QfPeXcjHeWiDchtuQugmme50uq',	'2024-04-03 21:11:40',	'2024-04-03 21:11:40',	NULL,	NULL),
(7,	'ahmed eltaroonn',	'ahmedem@gmail.com',	'$2y$10$pyCi65B/OAOKxwTDMKqPR.iBOGAeNUzSmx85.NZPpmaEgBTxvj9aS',	NULL,	NULL,	'$2y$10$IA8/oIqfaWzCfJNujL06QuTPQk8NfX9nQ4g7AJGK7gRylox9JDkce',	'2024-04-04 18:53:36',	'2024-04-04 18:53:36',	NULL,	NULL),
(8,	'Nicole',	'grigorgyan.nikoll@gmail.com',	'$2y$10$gOq2We39AYuJKYbISBM82OQjLaCtef2JFqDQzrP/EJLu.kOZOJQqS',	NULL,	NULL,	'$2y$10$psgfYphavAw/Yz33.yd3WepYxOiQp7vsKY2kTSF86tr4jaupVl39q',	'2024-04-05 11:39:44',	'2024-04-05 11:39:44',	NULL,	NULL),
(11,	'Nicole',	'Grigoryan.nikoll@gmail.com',	'$2y$10$lo2LRju2Ag7BuMHZmNPmteMYWA7YhYmJpotYtITHA6tmvYdDr09Vq',	NULL,	NULL,	'$2y$10$TGJkzvgI2kt0FUYjlYL/f.2Mp.LJHzSed/Op0231TbwiqUrE15czC',	'2024-04-07 09:33:16',	'2024-04-07 09:33:16',	NULL,	NULL),
(12,	'Ahmed Emad',	'ahmedemadlotfy2000@gmail.com',	'$2y$10$iy/rRom0q.oVazOgLpcJBe23wK85hb8mii50ZxSCn8htXtA4clmEy',	NULL,	NULL,	NULL,	'2024-04-08 04:10:38',	'2024-04-08 04:31:27',	'431553',	NULL);

-- 2024-04-08 11:14:45
